,Formula,State,Molar Mass,deltaH0,deltaG0,S0,Cp,Charge
0,O,g,15.9994,249.170,231.731,161.055,21.912,0.0
1,O2,g,31.9988,0,0,205.138,29.355,0.0
2,O3,g,47.9982,142.7,163.2,238.93,39.20,0.0
3,H,g,1.0080,217.965,203.247,114.713,20.784,0.0
4,H<sup>+</sup>,ao,1.0080,0,0,0,0,1.0
5,D,g,2.0141,221.673,206.506,123.349,20.786,0.0
6,H2,g,2.016,0,0,130.684,28.824,0.0
7,D2,g,4.0282,0,0,144.960,29.196,0.0
8,HD,g,3.0221,0.318,-1.464,143.801,29.196,0.0
9,OH,g,17.0074,38.95,34.23,183.745,29.886,0.0
10,OH<sup>-</sup>,ao,17.0074,-229.994,-157.244,-10.75,-148.5,-1.0
11,OD,g,18.0135,36.86,32.47,189.733,29.874,0.0
12,HO2,g,33.0068,10.5,22.6,229.0,34.89,0.0
13,H2O,l,18.0154,-285.830,-237.129,69.91,75.291,0.0
14,H2O,g,18.0154,-241.818,-228.572,188.825,33.577,0.0
15,D2O,l,20.0276,-294.600,-243.439,75.94,84.35,0.0
16,D2O,g,20.0276,-249.199,-234.535,198.339,34.27,0.0
17,HDO,g,19.0215,-245.300,-233.112,199.511,33.81,0.0
18,H2O2,l,34.0148,-187.78,-120.35,109.6,89.1,0.0
19,H2O2,g,34.0148,-136.31,-105.57,232.7,43.1,0.0
20,He,g,4.0026,0,0,126.150,20.786,0.0
21,Ne,g,20.1830,0,0,146.328,20.786,0.0
22,Ar,g,39.948,0,0,154.843,20.786,0.0
23,Kr,g,83.8000,0,0,164.082,20.786,0.0
24,Xe,g,131.3000,0,0,169.683,20.786,0.0
25,Rn,g,222.0000,0,0,176.21,20.786,0.0
26,F,g,18.9984,78.99,61.91,158.754,22.744,0.0
27,F<sup>-</sup>,ao,18.9984,-332.63,-278.79,-13.8,-106.7,-1.0
28,F2,g,37.9968,0,0,202.78,31.30,0.0
29,FO,g,34.9978,109.,105.,216.8,30.5,0.0
30,F2O,g,53.9962,24.7,41.9,247.43,43.30,0.0
31,HF,g,20.0064,-271.1,-273.2,173.779,29.133,0.0
32,HF,ai,20.0064,-332.63,-278.79,-13.8,-106.7,0.0
33,Cl,g,35.4530,121.679,105.680,165.198,21.840,0.0
34,Cl<sup>-</sup>,ao,35.4530,-167.159,-131.228,56.5,-136.4,-1.0
35,Cl2,g,70.9060,0,0,223.066,33.907,0.0
36,ClO,g,51.4524,101.84,98.11,226.63,31.46,0.0
37,ClO2,g,67.4518,102.5,120.5,256.84,41.97,0.0
38,ClOO,g2,67.4518,89.1,105.0,263.7,46.0,0.0
39,Cl2O,g,86.9054,80.3,97.9,266.21,45.40,0.0
40,HCl,g,36.4610,-92.307,-95.299,186.908,29.12,0.0
41,HCl,ai,36.4610,-167.159,-131.228,56.5,-136.4,0.0
42,HClO,g,52.4604,-78.7,-66.1,236.67,37.15,0.0
43,ClF,g,54.4514,-54.48,-55.94,217.89,32.05,0.0
44,ClF3,g,92.4482,-163.2,-123.0,281.61,63.85,0.0
45,ClO3F,g,102.4496,-23.8,48.2,278.97,64.94,0.0
46,Br,g,79.9090,111.884,82.396,175.022,20.786,0.0
47,Br<sup>-</sup>,ao,79.9090,-121.55,-103.96,82.4,-141.8,-1.0
48,Br2,l,159.8180,0,0,152.231,75.689,0.0
49,Br2,g,159.8180,30.907,3.110,245.463,36.02,0.0
50,BrO,g,95.9084,125.77,108.22,237.55,32.09,0.0
51,HBr,g,80.9170,-36.40,-53.45,198.695,29.142,0.0
52,HBr,ai,80.9170,-121.55,-103.96,82.4,-141.8,0.0
53,BrF,g,98.9074,-93.85,-109.18,228.97,32.97,0.0
54,BrF3,l,136.9042,-300.8,-240.5,178.2,124.60,0.0
55,BrF3,g,136.9042,-255.60,-229.43,292.53,66.61,0.0
56,BrF5,g,174.9010,-428.9,-350.6,320.19,99.62,0.0
57,BrCl,g,115.3620,14.64,-0.98,240.10,34.98,0.0
58,I,g,126.9044,106.838,70.250,180.791,20.786,0.0
59,I<sup>-</sup>,ao,126.9044,-55.19,-51.57,111.3,-142.3,-1.0
60,I2,cr,253.8088,0,0,116.135,54.438,0.0
61,I2,g,253.8088,62.438,19.327,260.69,36.90,0.0
62,IO,g,142.9038,175.06,149.77,245.50,32.89,0.0
63,HI,g,127.9124,26.48,1.70,206.594,29.158,0.0
64,HI,ai,127.9124,-55.19,-51.57,111.3,-142.3,0.0
65,IF,g,145.9028,-95.65,-118.51,236.17,33.43,0.0
66,IF5,g,221.8964,-822.49,-751.73,327.7,99.2,0.0
67,IF7,g,259.8932,-943.9,-818.3,346.5,136.4,0.0
68,ICl,g,162.3574,17.78,-5.46,247.551,35.56,0.0
69,IBr,g,206.8134,40.84,3.69,258.773,36.44,0.0
70,S,cr,32.0640,0,0,31.80,22.64,0.0
71,S,g,32.0640,278.805,238.250,167.821,23.673,0.0
72,S2,g,64.1280,128.37,79.30,228.18,32.47,0.0
73,S8,g,256.5120,102.30,49.63,430.98,156.44,0.0
74,SO,g,48.0634,6.259,-19.853,221.95,30.17,0.0
75,SO2,g,64.0628,-296.830,-300.194,248.22,39.87,0.0
76,SO3,g,80.0622,-395.72,-371.06,256.76,50.67,0.0
77,SO4<sup>2-</sup>,ao,96.0616,-909.27,-744.53,20.1,-293.,-2.0
78,S4O6<sup>2-</sup>,ao,224.2524,-1224.2,-1040.4,257.3,-67.8,-2.0
79,HS,g,33.0720,142.67,113.29,195.67,32.30,0.0
80,H2S,g,34.0800,-20.63,-33.56,205.79,34.23,0.0
81,HSO4<sup>-</sup>,ao,97.0696,-887.34,-755.91,131.8,-84.,-1.0
82,H2SO4,l,98.0776,-813.989,-690.003,156.904,138.91,0.0
83,H2SO4,ai,98.0776,-909.27,-744.53,20.1,-293.,0.0
84,H2SO4·H2O,l,116.0930,-1127.621,-950.383,211.54,214.85,0.0
85,H2SO4·2H2O,l,134.1084,-1427.100,-1199.650,276.40,260.83,0.0
86,H2SO4·3H2O,l,152.1238,-1720.402,-1443.980,345.39,318.95,0.0
87,H2SO4·4H2O,l,170.1392,-2011.199,-1685.863,414.59,382.21,0.0
88,H2SO4·6.5H2O,l,215.1777,-2733.256,-2285.734,587.89,570.28,0.0
89,SF4,g,108.0576,-774.9,-731.3,292.03,73.01,0.0
90,SF6,g,146.0544,-1209.,-1105.3,291.82,97.28,0.0
91,S2Cl2,g,135.0340,-18.4,-31.8,331.5,73.6,0.0
92,SOCl2,g,118.9694,-212.5,-198.3,309.77,66.5,0.0
93,SO2Cl2,g,134.9688,-364.0,-320.0,311.94,77.0,0.0
94,SF5Cl,g,162.5090,-1048.1,-949.3,319.18,104.2,0.0
95,SOBr2,g,207.8814,-123.0,-136.8,332.95,69.71,0.0
96,Se,cr,78.9600,0,0,42.442,25.363,0.0
97,Se,g,78.9600,227.07,187.03,176.72,20.820,0.0
98,Se2,g,157.9200,146.0,96.2,252.0,35.40,0.0
99,SeO,g,94.9594,53.35,26.80,234.0,31.25,0.0
100,H2Se,g,80.9760,29.7,15.9,219.02,34.73,0.0
101,SeF6,g,192.9504,-1117.,-1017.,313.87,110.5,0.0
102,Te,cr,127.6000,0,0,49.71,25.73,0.0
103,Te,g,127.6000,196.73,157.08,182.74,20.786,0.0
104,Te2,g,255.2000,168.2,118.0,268.14,36.74,0.0
105,TeO,g,143.5994,65.3,38.5,241.5,30.08,0.0
106,N,g,14.0067,472.704,455.563,153.298,20.786,0.0
107,N2,g,28.0134,0,0,191.61,29.125,0.0
108,NO,g,30.0061,90.25,86.55,210.761,29.844,0.0
109,NO2,g,46.0055,33.18,51.31,240.06,37.20,0.0
110,NO2<sup>-</sup>,ao,46.0055,-104.6,-32.2,123.0,-97.5,-1.0
111,NO3<sup>-</sup>,ao,62.0049,-207.36,-111.25,146.4,-86.6,-1.0
112,N2O,g,44.0128,82.05,104.20,219.85,38.45,0.0
113,N2O3,g,76.0116,83.72,139.46,312.28,65.61,0.0
114,N2O4,l,92.0110,-19.50,97.54,209.2,142.7,0.0
115,N2O4,g,92.0110,9.16,97.89,304.29,77.28,0.0
116,N2O5,cr,108.0104,-43.1,113.9,178.2,143.1,0.0
117,N2O5,g,108.0104,11.3,115.1,355.7,84.5,0.0
118,NH,g,15.0147,351.5,345.6,181.23,29.192,0.0
119,NH2,g,16.0227,184.9,194.6,195.00,33.85,0.0
120,NH3,g,17.0307,-46.11,-16.45,192.45,35.06,0.0
121,NH4<sup>+</sup>,ao,18.0387,-132.51,-79.31,113.4,79.9,1.0
122,N2H4,l,32.0454,50.63,149.34,121.21,98.87,0.0
123,N2H4,g,32.0454,95.40,159.35,238.47,49.58,0.0
124,N2H5<sup>+</sup>,ao,33.0534,-7.5,82.5,151.,70.3,1.0
125,HN3,g,43.0281,294.1,328.1,238.97,43.68,0.0
126,HNO2,g,47.0135,-77.99,-42.94,248.76,44.77,0.0
127,HNO2,g2,47.0135,-80.12,-45.24,249.22,46.07,0.0
128,HNO2,g3,47.0135,-79.5,-46.0,254.1,45.6,0.0
129,HNO3,l,63.0129,-174.10,-80.71,155.60,109.87,0.0
130,HNO3,g,63.0129,-135.06,-74.72,266.38,53.35,0.0
131,HNO3,ai,63.0129,-207.36,-111.25,146.4,-86.6,0.0
132,HNO3·H2O,l,81.0283,-473.46,-328.77,216.90,182.46,0.0
133,HNO3·3H2O,l,117.0591,-1056.04,-811.09,346.98,325.14,0.0
134,NH4OH,l,35.0461,-361.20,-254.02,165.56,154.89,0.0
135,NH4OH,ai,35.0461,-362.50,-236.53,102.5,-68.6,0.0
136,NH4NO2,ai,64.0442,-237.2,-111.6,236.4,-17.6,0.0
137,NH4NO3,cr,80.0436,-365.56,-183.87,151.08,139.3,0.0
138,NH4NO3,ai,80.0436,-339.87,-190.56,259.8,-6.7,0.0
139,N2H5OH,ao,50.0608,-251.50,-109.1,207.9,73.2,0.0
140,(NH4)2O,l,52.0768,-430.70,-266.93,267.52,247.19,0.0
141,NF2,g,52.0035,43.1,57.8,249.94,41.00,0.0
142,NF3,g,71.0019,-124.7,-83.2,260.73,53.1,0.0
143,N2F4,g,104.0070,-7.1,81.2,301.19,79.1,0.0
144,NOF,g,49.0045,-66.5,-51.0,248.10,41.34,0.0
145,NH4F,cr,37.0371,-463.96,-348.68,71.96,65.27,0.0
146,NH4F,ai,37.0371,-465.14,-358.09,99.6,-26.8,0.0
147,NH4HF2,cr,57.0435,-802.9,-650.9,115.52,106.69,0.0
148,NOCl,g,65.4591,51.71,66.08,261.69,44.69,0.0
149,NO2Cl,g,81.4585,12.6,54.4,272.15,53.18,0.0
150,NH4Cl,cr,53.4917,-314.43,-202.87,94.6,84.1,0.0
151,NH4Cl,ai,53.4917,-299.66,-210.52,169.9,-56.5,0.0
152,N2H5Cl,ai,68.5064,-174.9,-48.8,207.1,-66.1,0.0
153,NOBr,g,109.9151,82.17,82.42,273.66,45.48,0.0
154,NH4Br,cr,97.9477,-270.83,-175.2,113.,96.,0.0
155,NH4Br,ai,97.9477,-254.05,-183.26,195.8,-61.9,0.0
156,N2H5Br,ai,112.9624,-128.9,-21.6,233.0,-71.5,0.0
157,NH4I,ai,144.9431,-187.69,-130.88,224.7,-62.3,0.0
158,NH4HSO4,ai,115.1083,-1019.85,-835.21,245.2,-3.8,0.0
159,(NH4)2SO4,cr,132.1390,-1180.85,-901.67,220.1,187.49,0.0
160,(NH4)2SO4,ai,132.1390,-1174.28,-903.14,246.9,-133.1,0.0
161,(N2H5)2SO4,ai,162.1684,-924.7,-579.6,322.,-151,0.0
162,P,cr,30.9738,0,0,41.09,23.840,0.0
163,P,cr2,30.9738,-17.6,-12.1,22.80,21.21,0.0
164,P,g,30.9738,314.64,278.25,163.193,20.786,0.0
165,P2,g,61.9476,144.3,103.7,218.129,32.05,0.0
166,P4,g,123.8952,58.91,24.44,279.98,67.15,0.0
167,PO,g,46.9732,-28.5,-51.9,222.78,31.76,0.0
168,PO2,g,62.9726,-279.9,-281.6,252.11,39.54,0.0
169,P4O10,cr,283.8892,-2984.0,-2697.7,228.86,211.71,0.0
170,PH3,g,33.9978,5.4,13.4,210.23,37.11,0.0
171,H3PO4,cr,97.9954,-1279.0,-1119.1,110.50,106.06,0.0
172,H3PO4·0.5H2O,cr,107.0031,-1431.3,-1242.1,129.16,126.02,0.0
173,PF3,g,87.9690,-918.8,-897.5,273.24,58.70,0.0
174,POF3,g,103.9684,-1211.3,-1162.7,285.08,68.66,0.0
175,PCl3,g,137.3328,-287.0,-267.8,311.78,71.84,0.0
176,PCl5,g,208.2388,-374.9,-305.0,364.58,112.80,0.0
177,POCl3,l,153.3322,-597.1,-520.8,222.46,138.78,0.0
178,POCl3,g,153.3322,-558.48,-512.93,325.46,84.94,0.0
179,PBr3,g,270.7008,-139.3,-162.8,348.09,75.98,0.0
180,PH4I,cr,161.9102,-69.9,0.9,123.0,109.6,0.0
181,PN,g,44.9805,109.87,87.72,211.19,29.71,0.0
182,NH4H2PO4,cr,115.0261,-1445.07,-1210.38,151.96,142.26,0.0
183,As,cr,74.9216,0,0,35.1,24.64,0.0
184,As,g,74.9216,302.5,261.0,174.21,20.786,0.0
185,As2,g,149.8432,222.2,171.9,239.4,35.003,0.0
186,As2O5,cr,229.8402,-924.87,-782.3,105.4,116.52,0.0
187,As4O6,cr,395.6828,-1313.94,-1152.43,214.2,191.29,0.0
188,AsH3,g,77.9456,66.44,68.93,222.78,38.07,0.0
189,AsF3,l,131.9168,-821.3,-774.16,181.21,126.57,0.0
190,AsF3,g,131.9168,-785.76,-770.76,289.10,65.61,0.0
191,AsCl3,g,181.2806,-261.5,-248.9,327.17,75.73,0.0
192,AsBr3,g,314.6486,-130.,-159.,363.87,79.16,0.0
193,AsI3,cr,455.6348,-58.2,-59.4,213.05,105.77,0.0
194,As2S3,cr,246.0352,-169.0,-168.6,163.6,116.3,0.0
195,AsN,g,88.9283,196.27,167.97,225.6,30.42,0.0
196,NH4H2AsO4,cr,158.9739,-1059.8,-832.9,172.05,151.17,0.0
197,Sb,cr,121.7500,0,0,45.69,25.23,0.0
198,Sb,g,121.7500,262.3,222.1,180.27,20.79,0.0
199,Sb2,g,243.5000,235.6,187.0,254.92,36.40,0.0
200,Sb2O4,cr,307.4976,-907.5,-795.7,127.2,114.60,0.0
201,Sb4O6,cr2,582.9964,-1417.1,-1253.0,246.0,202.76,0.0
202,SbH3,g,124.7740,145.105,147.75,232.78,41.05,0.0
203,SbCl3,cr,228.1090,-382.17,-323.67,184.1,107.9,0.0
204,SbCl3,g,228.1090,-313.8,-301.2,337.80,76.69,0.0
205,SbCl5,g,299.0150,-394.34,-334.29,401.94,121.13,0.0
206,SbBr3,g,361.4770,-194.6,-223.9,372.86,80.21,0.0
207,Sb2S3,cr,339.6920,-174.9,-173.6,182.0,119.87,0.0
208,Bi,cr,208.9800,0,0,56.74,25.52,0.0
209,Bi,g,208.9800,207.1,168.2,187.005,20.786,0.0
210,Bi2O3,cr,465.9582,-573.88,-493.7,151.5,113.51,0.0
211,BiCl3,cr,315.3390,-379.1,-315.0,177.0,105.,0.0
212,BiCl3,g,315.3390,-265.7,-256.0,358.85,79.66,0.0
213,Bi2S3,cr,514.1520,-143.1,-140.6,200.4,122.2,0.0
214,Bi2Te3,cr,800.7600,-77.4,-77.0,260.91,120.5,0.0
215,C,cr,12.0112,0,0,5.740,8.527,0.0
216,C,cr2,12.0112,1.895,2.900,2.377,6.113,0.0
217,C,g,12.0112,716.682,671.257,158.096,20.838,0.0
218,CO,g,28.0106,-110.525,-137.168,197.674,29.142,0.0
219,CO2,g,44.0100,-393.509,-394.359,213.74,37.11,0.0
220,CH2,g,14.0272,390.37,372.92,194.87,33.76,0.0
221,CH3,g,15.0352,145.69,147.92,194.2,38.70,0.0
222,CH4,g,16.0432,-74.81,-50.72,186.264,35.309,0.0
223,HCO,g,29.0186,43.1,28.0,224.71,34.56,0.0
224,HCO2<sup>-</sup>,ao,45.0180,-425.55,-351.0,92.,-87.9,-1.0
225,HCHO,g,30.0266,-108.57,-102.53,218.77,35.40,0.0
226,HCO2H,l,46.0260,-424.72,-361.35,128.95,99.04,0.0
227,HCO2H,ai,46.0260,-425.55,-351.0,92.,-87.9,0.0
228,CH3OH,l,32.0426,-238.66,-166.27,126.8,81.6,0.0
229,CH3OH,g,32.0426,-200.66,-161.96,239.81,43.89,0.0
230,CF3,g,69.0064,-477.,-464.,264.5,49.58,0.0
231,CF4,g,88.0048,-925.,-879.,261.61,61.09,0.0
232,COF2,g,66.0074,-634.7,-619.2,258.60,46.82,0.0
233,CH2F2,g,52.0240,-446.9,-419.2,246.71,42.89,0.0
234,CHF3,g,70.0144,-688.3,-653.9,259.68,51.04,0.0
235,CCl4,l,153.8232,-135.44,-65.21,216.40,131.75,0.0
236,CCl4,g,153.8232,-102.9,-60.59,309.85,83.30,0.0
237,COCl2,g,98.9166,-218.8,-204.6,283.53,57.66,0.0
238,CH3Cl,g,50.4882,-80.83,-57.37,234.58,40.75,0.0
239,CH2Cl2,l,84.9332,-121.46,-67.26,177.8,100.0,0.0
240,CH2Cl2,g,84.9332,-92.47,-65.87,270.23,50.96,0.0
241,CHCl3,l,119.3782,-134.47,-73.66,201.7,113.8,0.0
242,CHCl3,g,119.3782,-103.14,-70.34,295.71,65.69,0.0
243,CF3Cl,g,104.4594,-695.,-653.,285.29,66.86,0.0
244,CF2Cl2,g,120.9140,-477.,-439.,300.77,72.26,0.0
245,CFCl3,l,137.3686,-301.33,-236.79,225.35,121.55,0.0
246,CFCl3,g,137.3686,-276.,-238.,309.93,78.07,0.0
247,CBr4,cr,331.6472,18.8,47.7,212.5,144.3,0.0
248,CBr4,g,331.6472,79.,67.,358.05,91.17,0.0
249,COBr2,g,187.8286,-96.2,-110.9,309.10,61.84,0.0
250,CH3Br,g,94.9442,-35.1,-25.9,246.38,42.43,0.0
251,CHBr3,l,252.7462,-28.5,-5.0,220.9,130.,0.0
252,CHBr3,g,252.7462,17.,8.,330.94,71.21,0.0
253,CF3Br,g,148.9154,-642.7,-616.3,297.76,69.33,0.0
254,CCl3Br,g,198.2792,-46.0,-21.3,332.95,85.27,0.0
255,CH3I,l,141.9396,-15.5,13.4,163.2,126.,0.0
256,CH3I,g,141.9396,13.0,14.7,254.12,44.10,0.0
257,CH2I2,l,267.8360,66.9,90.4,174.1,134.,0.0
258,CH2I2,g,267.8360,113.0,95.8,309.7,57.70,0.0
259,CS,g,44.0752,234.,184.,210.56,29.79,0.0
260,CS2,l,76.1392,89.70,65.27,151.34,75.7,0.0
261,CS2,g,76.1392,117.36,67.12,237.84,45.40,0.0
262,COS,g,60.0746,-142.09,-169.34,231.57,41.51,0.0
263,CH3SH,l,48.1072,-46.36,-7.68,169.20,90.54,0.0
264,CH3SH,g,48.1072,-22.34,-9.30,255.17,50.25,0.0
265,SC(SH)2,l,110.2192,25.1,29.3,218.,149.8,0.0
266,CN,g,26.0179,437.6,407.5,202.6,29.16,0.0
267,HCN,l,27.0259,108.87,124.97,112.84,70.63,0.0
268,HCN,g,27.0259,135.1,124.7,201.78,35.86,0.0
269,CH3NH2,g,31.0579,-22.97,32.16,243.41,53.1,0.0
270,CH3NHNH2,l,46.0726,54.0,180.0,165.94,134.93,0.0
271,CH3NHNH2,g,46.0726,94.35,186.96,278.81,71.1,0.0
272,CH3NO2,l,61.0407,-113.09,-14.42,171.75,105.98,0.0
273,CH3NO2,g,61.0407,-74.73,-6.84,274.96,57.32,0.0
274,CH3NO3,l,77.0401,-159.0,-43.4,217.1,157.3,0.0
275,HCO2NH4,ai,63.0567,-558.06,-430.4,205.,-7.9,0.0
276,CO(NH2)2,cr,60.0560,-333.51,-197.33,104.60,93.14,0.0
277,CNCl,g,61.4709,137.95,131.04,236.17,44.98,0.0
278,CH3NH3Cl,cr,67.5189,-297.90,-158.82,138.62,90.88,0.0
279,CNBr,g,105.9269,186.2,165.3,248.30,46.94,0.0
280,CNI,g,152.9223,225.5,196.6,256.80,48.28,0.0
281,SCN<sup>-</sup>,ao,58.0819,76.44,92.71,144.3,-40.2,-1.0
282,HNCS,g2,59.0899,127.6,113.0,247.8,46.9,0.0
283,HSCN,ai,59.0899,76.44,92.71,144.3,-40.2,0.0
284,NH4SCN,ai,76.1206,-56.07,13.40,257.7,39.7,0.0
285,C2,g,24.0224,831.90,775.89,199.418,43.208,0.0
286,C2H2,g,26.0384,226.73,209.20,200.94,43.93,0.0
287,C2H4,g,28.0544,52.26,68.15,219.56,43.56,0.0
288,C2H5,g,29.0624,107.5,133.1,252.0,46.69,0.0
289,C2H6,g,30.0704,-84.68,-32.82,229.60,52.63,0.0
290,CH2CO,g,42.0378,-47.7,-48.5,247.63,51.76,0.0
291,CH3COO<sup>-</sup>,ao,59.0452,-486.01,-369.31,86.6,-6.3,-1.0
292,C2H4O,l,44.0538,-77.82,-11.76,153.85,87.95,0.0
293,C2H4O,g,44.0538,-52.63,-13.01,242.53,47.91,0.0
294,CH3CHO,g2,44.0538,-155.69,-132.86,263.8,55.30,0.0
295,CH3COOH,l,60.0532,-484.5,-389.9,159.8,124.3,0.0
296,CH3COOH,g,60.0532,-432.25,-374.0,282.5,66.5,0.0
297,CH3COOH,ai,60.0532,-486.01,-369.31,86.6,-6.3,0.0
298,C2H5OH,l,46.0698,-277.69,-174.78,160.7,111.46,0.0
299,C2H5OH,g,46.0698,-235.10,-168.49,282.70,65.44,0.0
300,(CH3)2O,g2,46.0698,-184.05,-112.59,266.38,64.39,0.0
301,(CH2OH)2,l,62.0692,-454.80,-323.08,166.9,149.8,0.0
302,C2F4,g2,100.0160,-650.6,-615.9,300.06,80.46,0.0
303,C2F6,g,138.0128,-1297.,-1213.,332.3,106.7,0.0
304,CH2CF2,g2,64.0352,-328.9,-305.4,266.2,60.08,0.0
305,CH3CHF2,g,66.0512,-478.2,-420.8,282.5,67.8,0.0
306,CH3CF3,g,84.0416,-736.4,-667.3,279.89,78.20,0.0
307,C2Cl4,l,165.8344,-52.3,4.7,266.9,141.0,0.0
308,C2Cl4,g,165.8344,-12.1,22.6,341.1,94.93,0.0
309,C2Cl6,g,236.7404,-141.8,-57.7,398.8,136.8,0.0
310,CH2CHCl,g,62.4994,35.6,51.9,263.99,53.72,0.0
311,C2H5Cl,l,64.5154,-136.52,-59.31,190.79,104.35,0.0
312,C2H5Cl,g,64.5154,-112.17,-60.39,276.00,62.80,0.0
313,CH2CCl2,l,96.9444,-24.3,24.54,201.54,111.29,0.0
314,CH2CCl2,g,96.9444,2.43,25.18,288.97,67.07,0.0
315,CHClCHCl,l2,96.9444,-27.6,22.11,198.41,113.,0.0
316,CHClCHCl,g2,96.9444,3.77,26.31,289.60,65.06,0.0
317,CHClCHCl,l3,96.9444,-23.14,27.34,195.85,113.,0.0
318,CHClCHCl,g3,96.9444,6.15,28.57,290.02,66.65,0.0
319,CH3CHCl2,l,98.9604,-160.2,-75.6,211.75,126.27,0.0
320,CH3CHCl2,g,98.9604,-129.41,-72.53,305.12,76.23,0.0
321,CH2ClCH2Cl,l2,98.9604,-165.23,-79.52,208.53,129.3,0.0
322,CH2ClCH2Cl,g2,98.9604,-129.79,-73.87,308.39,78.7,0.0
323,CHClCCl2,l,131.3894,-42.3,12.2,228.4,120.5,0.0
324,CHClCCl2,g,131.3894,-7.78,18.07,324.8,80.25,0.0
325,CHCl2CH2Cl,g2,133.4054,-142.00,-80.90,337.21,88.99,0.0
326,CHCl2CHCl2,l2,167.8504,-196.6,-94.9,246.9,165.7,0.0
327,CHCl2CHCl2,g2,167.8504,-149.4,-81.9,362.82,100.79,0.0
328,CH3COCl,l,78.4988,-273.80,-207.99,200.8,117.,0.0
329,CH3COCl,g,78.4988,-243.51,-205.80,295.1,67.8,0.0
330,CF2CFCl,g,116.4706,-555.2,-523.8,322.11,83.93,0.0
331,CCl3CF2Cl,g,203.8312,-489.9,-407.0,382.9,123.4,0.0
332,CF2CHCl,g,98.4802,-315.5,-289.1,302.99,72.09,0.0
333,CH2CHBr,g,106.9554,78.2,80.8,275.84,55.52,0.0
334,C2H5Br,l,108.9714,-92.01,-27.70,198.7,100.8,0.0
335,C2H5Br,g,108.9714,-64.52,-26.48,286.71,64.52,0.0
336,CH2BrCH2Br,l2,187.8724,-81.2,-20.9,223.30,136.02,0.0
337,CH2BrCH2Br,g2,187.8724,-38.33,-10.30,331.1,86.6,0.0
338,C2H5I,l,155.9668,-40.2,14.7,211.7,115.1,0.0
339,C2H5I,g,155.9668,-7.70,19.17,306.0,66.9,0.0
340,CH2ICH2I,g,281.8632,66.5,78.7,348.2,80.3,0.0
341,C2H4S,g,60.1184,82.38,97.06,255.38,53.68,0.0
342,(CH3)2S,l,62.1344,-65.06,6.16,196.40,118.11,0.0
343,(CH3)2S,g,62.1344,-37.24,7.30,285.96,74.10,0.0
344,C2H5SH,l2,62.1344,-73.35,-5.26,207.02,117.86,0.0
345,C2H5SH,g2,62.1344,-45.81,-4.33,296.21,72.68,0.0
346,CH3SSCH3,l,94.1984,-62.01,7.09,235.39,146.11,0.0
347,CH3SSCH3,g,94.1984,-23.60,15.30,336.75,94.31,0.0
348,(CH3)2SO,l,78.1338,-203.3,-99.0,188.3,147.3,0.0
349,(CH3)2SO,g,78.1338,-150.46,-81.42,306.38,88.95,0.0
350,(CH3)2SO2,g,94.1332,-371.1,-272.7,310.6,100.0,0.0
351,NCCN,g,52.0358,308.95,297.36,241.90,56.82,0.0
352,CH3CN,l,41.0531,31.38,77.22,149.62,91.46,0.0
353,CH3CN,g,41.0531,65.23,82.58,245.12,52.22,0.0
354,CH3NC,g2,41.0531,149.0,165.7,246.92,52.93,0.0
355,(CH3)2NH,l,45.0851,-43.9,70.0,182.34,137.7,0.0
356,(CH3)2NH,g,45.0851,-18.45,68.51,273.07,70.7,0.0
357,(CH3)2NNH2,l,60.0998,49.4,206.9,197.99,164.05,0.0
358,(CH3NH)2,l2,60.0998,55.6,212.7,199.16,171.04,0.0
359,CNH(NH2)(NHCN),cr2,84.0812,22.6,179.6,129.29,118.83,0.0
360,NH2CH2COOH,cr4,75.0679,-528.10,-368.44,103.51,99.20,0.0
361,CH3CH2ONO2,l2,91.0673,-190.33,-42.91,247.19,170.3,0.0
362,CH3COONH4,ai,77.0839,-618.52,-448.61,200.0,73.6,0.0
363,CH3NCS,g,73.1171,131.0,144.4,290.02,65.48,0.0
364,NH2CH2CH2SO3H,cr,125.1473,-785.3,-561.7,154.0,140.6,0.0
365,(CH3)3N,l,59.1123,-46.0,101.0,208.45,135.19,0.0
366,(CNH(NH2)(NH3))2CO3,cr,180.1680,-971.11,-557.09,295.4,258.86,0.0
367,(C2H5)2S,l,90.1888,-118.95,11.92,269.28,171.42,0.0
368,(C2H5)2S,g,90.1888,-83.09,18.29,368.13,117.03,0.0
369,Si,cr,28.0860,0,0,18.83,20.00,0.0
370,Si,g,28.0860,455.6,411.3,167.97,22.251,0.0
371,Si2,g,56.1720,594.,536.,229.89,34.39,0.0
372,SiO,g,44.0854,-99.6,-126.4,211.61,29.92,0.0
373,SiO2,cr,60.0848,-910.94,-856.64,41.84,44.43,0.0
374,SiO2,cr2,60.0848,-909.48,-855.43,42.68,44.18,0.0
375,SiO2,cr3,60.0848,-909.06,-855.26,43.5,44.60,0.0
376,SiO2,am,60.0848,-903.49,-850.70,46.9,44.4,0.0
377,SiH4,g,32.1180,34.3,56.9,204.62,42.84,0.0
378,Si2H6,g,62.2200,80.3,127.3,272.66,80.79,0.0
379,SiF,g,47.0844,7.1,-24.3,225.79,32.64,0.0
380,SiF2,g,66.0828,-619.,-628.,252.74,43.89,0.0
381,SiF4,g,104.0796,-1614.94,-1572.65,282.49,73.64,0.0
382,SiCl2,g,98.9920,-165.64,-177.19,280.4,50.88,0.0
383,SiCl4,l,169.8980,-687.0,-619.84,239.7,145.31,0.0
384,SiCl4,g,169.8980,-657.01,-616.98,330.73,90.25,0.0
385,SiCl3H,g,135.4530,-513.0,-482.0,313.87,75.81,0.0
386,SiBr4,g,347.7220,-415.5,-431.8,377.88,97.11,0.0
387,SiHBr3,g,268.8210,-317.6,-328.5,348.55,80.75,0.0
388,SiS,g,60.1500,112.47,60.89,223.66,32.26,0.0
389,SiN,g,42.0927,486.52,456.08,216.76,30.17,0.0
390,(NH4)2SiF6,cr,178.1538,-2681.69,-2365.29,280.24,228.11,0.0
391,(NH4)2SiF6,cr2,178.1538,-2680.56,-2365.37,284.47,247.90,0.0
392,SiC,cr,40.0972,-65.3,-62.8,16.61,26.86,0.0
393,SiC,cr2,40.0972,-62.8,-60.2,16.48,26.69,0.0
394,Si(CH3)4,l,88.2268,-264.,-100.,277.27,204.10,0.0
395,Si(CH3)4,g,88.2268,-239.111,-99.910,359.01,143.89,0.0
396,((CH3)3Si)2O,l,162.3826,-815.0,-541.5,433.84,311.37,0.0
397,((CH3)3Si)2O,g,162.3826,-777.72,-534.48,535.03,238.49,0.0
398,Ge,cr,72.5900,0,0,31.09,23.347,0.0
399,Ge,g,72.5900,376.6,335.9,167.900,30.731,0.0
400,Ge2,g,145.1800,473.13,416.3,252.8,35.6,0.0
401,Ge3,g,217.7700,472.58,415.4,285.0,57.7,0.0
402,Ge4,g,290.3600,476.89,415.9,329.8,80.3,0.0
403,GeO,g,88.5894,-46.19,-73.19,224.29,30.92,0.0
404,GeO2,cr,104.5888,-551.0,-497.0,55.27,52.09,0.0
405,GeH4,g,76.6220,90.8,113.4,217.13,45.02,0.0
406,GeCl,g,108.0430,155.18,124.2,247.,36.86,0.0
407,GeCl4,g,214.4020,-495.8,-457.3,347.72,96.11,0.0
408,GeBr4,g,392.2260,-300.0,-318.0,396.17,101.84,0.0
409,GeI4,g,580.2076,-56.9,-106.3,428.93,104.14,0.0
410,GeS,g,104.6540,92.,42.,234.,33.68,0.0
411,Sn,cr,118.6900,0,0,51.55,26.99,0.0
412,Sn,cr2,118.6900,-2.09,0.13,44.14,25.77,0.0
413,Sn,g,118.6900,302.1,267.3,168.486,21.259,0.0
414,SnO,cr,134.6894,-285.8,-256.9,56.5,44.31,0.0
415,SnO,g,134.6894,15.1,-8.4,232.11,31.59,0.0
416,SnO2,cr,150.6888,-580.7,-519.6,52.3,52.59,0.0
417,SnH4,g,122.7220,162.8,188.3,227.68,48.95,0.0
418,SnCl4,l,260.5020,-511.3,-440.1,258.6,165.3,0.0
419,SnCl4,g,260.5020,-471.5,-432.2,365.8,98.3,0.0
420,SnBr4,g,438.3260,-314.6,-331.4,411.94,103.39,0.0
421,SnS,cr,150.7540,-100.,-98.3,77.0,49.25,0.0
422,Pb,cr,207.1900,0,0,64.81,26.44,0.0
423,Pb,g,207.1900,195.0,161.9,175.373,20.786,0.0
424,PbO,cr,223.1894,-217.32,-187.89,68.70,45.77,0.0
425,PbO,cr2,223.1894,-218.99,-188.93,66.5,45.81,0.0
426,PbO2,cr,239.1888,-277.4,-217.33,68.6,64.64,0.0
427,Pb3O4,cr,685.5676,-718.4,-601.2,211.3,146.9,0.0
428,PbBr2,cr,367.0080,-278.7,-261.92,161.5,80.12,0.0
429,PbI2,cr,460.9988,-175.48,-173.64,174.85,77.36,0.0
430,PbS,cr,239.2540,-100.4,-98.7,91.2,49.50,0.0
431,PbSO4,cr,303.2516,-919.94,-813.14,148.57,103.207,0.0
432,PbSe,cr,286.1500,-102.9,-101.7,102.5,50.2,0.0
433,PbTe,cr,334.7900,-70.7,-69.5,110.0,50.54,0.0
434,PbCO3,cr,267.1994,-699.1,-625.5,131.0,87.40,0.0
435,PbC2O4,cr,295.2100,-851.4,-750.1,146.0,105.4,0.0
436,PbSiO3,cr,283.2742,-1145.70,-1062.10,109.6,90.04,0.0
437,Pb2SiO4,cr,506.4636,-1363.1,-1252.6,186.6,137.15,0.0
438,B,cr,10.8110,0,0,5.86,11.09,0.0
439,B,g,10.8110,562.7,518.8,153.45,20.799,0.0
440,B2,g,21.6220,830.5,774.0,201.90,30.54,0.0
441,BO,g,26.8104,25.,-4.,203.54,29.20,0.0
442,BO2,g,42.8098,-300.4,-305.9,229.56,43.01,0.0
443,B2O2,g,53.6208,-454.8,-462.3,242.49,57.28,0.0
444,B2O3,cr,69.6202,-1272.77,-1193.65,53.97,62.93,0.0
445,B2O3,am,69.6202,-1254.53,-1182.3,77.8,61.1,0.0
446,B2O3,g,69.6202,-843.79,-831.97,279.81,66.86,0.0
447,BH,g,11.8190,449.61,419.60,171.86,29.16,0.0
448,B2H6,g,27.6700,35.6,86.7,232.11,56.90,0.0
449,B5H9,l,63.1270,42.68,171.82,184.22,151.13,0.0
450,B5H9,g,63.1270,73.2,175.0,275.92,96.78,0.0
451,B10H14,cr,122.2220,-45.2,192.3,176.56,217.94,0.0
452,B10H14,g,122.2220,31.55,216.34,353.2,179.66,0.0
453,HBO2,g,43.8178,-561.9,-551.0,240.06,42.22,0.0
454,H3BO3,cr,61.8332,-1094.33,-968.92,88.83,81.38,0.0
455,BF,g,29.8094,-122.2,-149.8,200.48,29.58,0.0
456,BF3,g,67.8062,-1137.00,-1120.33,254.12,50.46,0.0
457,B2F4,g,97.6156,-1440.1,-1410.4,317.3,79.08,0.0
458,BCl,g,46.2640,149.49,120.90,213.24,31.67,0.0
459,BCl3,l,117.1700,-427.2,-387.4,206.3,106.7,0.0
460,BCl3,g,117.1700,-403.76,-388.72,290.10,62.72,0.0
461,B2Cl4,l,163.4340,-523.0,-464.8,262.3,137.7,0.0
462,B2Cl4,g,163.4340,-490.4,-460.6,357.4,95.40,0.0
463,BBr,g,90.7200,238.1,195.4,225.00,32.93,0.0
464,BBr3,g,250.5380,-205.64,-232.50,324.24,67.78,0.0
465,BI3,g,391.5242,71.13,20.72,349.18,70.79,0.0
466,BS,g,42.8750,342.00,288.75,216.21,30.04,0.0
467,BN,cr,24.8177,-254.4,-228.4,14.81,19.71,0.0
468,BN,g,24.8177,647.47,614.49,212.28,29.46,0.0
469,B3N3H6,g,80.5011,-511.75,-390.00,288.68,96.82,0.0
470,B4C,cr,55.2552,-71.,-71.,27.11,52.80,0.0
471,B(CH3)3,g,55.9166,-124.3,-35.9,314.7,88.49,0.0
472,B(C2H5)3,l,97.9982,-194.6,9.4,336.69,241.21,0.0
473,BH3CO,g,41.8456,-111.21,-92.9,249.35,59.45,0.0
474,BH(OCH3)2,g,73.8882,-579.5,-473.5,324.0,87.91,0.0
475,B(OCH3)3,l,103.9148,-933.9,-744.6,283.7,192.00,0.0
476,(CH3)3N·BH3,g,72.9473,-84.9,87.2,324.8,127.95,0.0
477,Al,cr,26.9815,0,0,28.33,24.35,0.0
478,Al,g,26.9815,326.4,285.7,164.54,21.38,0.0
479,Al2,g,53.9630,485.93,433.30,233.2,36.4,0.0
480,AlO,g,42.9809,91.2,65.3,218.39,30.88,0.0
481,Al2O,g,69.9624,-130.,-159.,259.35,45.69,0.0
482,Al2O3,cr,101.9612,-1675.7,-1582.3,50.92,79.04,0.0
483,Al2O3·H2O,cr,119.9766,-1980.7,-1831.7,96.86,131.25,0.0
484,Al2O3·H2O,cr2,119.9766,-1998.91,-1841.78,70.67,106.19,0.0
485,Al2O3·3H2O,cr,156.0074,-2586.67,-2310.21,136.90,183.47,0.0
486,AlH,g,27.9895,259.24,231.15,187.89,29.37,0.0
487,AlF,g,45.9799,-258.2,-283.7,215.00,31.92,0.0
488,AlF3,cr,83.9767,-1504.1,-1425.0,66.44,75.10,0.0
489,AlF3,g,83.9767,-1204.6,-1188.2,277.1,62.63,0.0
490,AlCl,g,62.4345,-47.7,-74.1,228.14,34.98,0.0
491,AlCl3,cr,133.3405,-704.2,-628.8,110.67,91.84,0.0
492,AlCl3·6H2O,cr,241.4329,-2691.6,-2261.1,318.0,296.2,0.0
493,AlBr,g,106.8905,-4.,-42.,239.52,35.56,0.0
494,AlI3,cr,407.6947,-313.8,-300.8,159.,98.7,0.0
495,AlS,g,59.0455,200.92,150.09,230.61,33.39,0.0
496,Al2(SO4)3,cr,342.1478,-3440.84,-3099.94,239.3,259.41,0.0
497,Al2(SO4)3·6H2O,cr,450.2402,-5311.71,-4622.08,469.0,492.9,0.0
498,AlN,cr,40.9882,-318.0,-287.0,20.17,30.12,0.0
499,Al(NO3)3·6H2O,cr,321.0886,-2850.48,-2203.39,467.8,433.0,0.0
500,NH4Al(SO4)2,cr,237.1434,-2352.2,-2038.2,216.3,226.44,0.0
501,NH4Al(SO4)2·12H2O,cr,453.3282,-5942.37,-4937.20,697.1,683.2,0.0
502,(NH4)2O·3Al2O3·4SO3·6H2O,cr,786.3016,-10078.0,-8891.4,687.0,775.3,0.0
503,AlPO4,cr,121.9529,-1733.8,-1617.9,90.79,93.18,0.0
504,H6(NH4)3Al5(PO4)8·18H2O,cr,1279.1200,-18547.7,-16164.8,1422.1,1592.0,0.0
505,Al4C3,cr,143.9596,-208.8,-196.2,88.95,116.78,0.0
506,Al(CH3)3,l,72.0871,-136.4,-9.9,209.41,155.60,0.0
507,Al2SiO5,cr,162.0460,-2590.27,-2442.66,93.22,122.72,0.0
508,Al2SiO5,cr2,162.0460,-2594.29,-2443.88,83.81,121.71,0.0
509,Al2SiO5,cr3,162.0460,-2587.76,-2440.99,96.11,124.52,0.0
510,Al2Si2O7·2H2O,cr,258.1616,-4119.6,-3799.7,205.0,246.14,0.0
511,Al2Si2O7·2H2O,cr2,258.1616,-4101.2,-3780.5,203.3,246.27,0.0
512,Al2Si2O7·2H2O,cr3,258.1616,-4118.3,-3795.9,197.1,239.49,0.0
513,Al6Si2O13,cr,426.0532,-6816.2,-6432.7,255.,326.10,0.0
514,Al2Si4O10(OH)2,cr,360.3158,-5642.04,-5268.14,239.41,294.34,0.0
515,Al(BH4)3,l,71.5105,-16.3,145.0,289.1,194.6,0.0
516,Ga,cr,69.7200,0,0,40.88,25.86,0.0
517,Ga,g,69.7200,277.0,238.9,169.06,25.36,0.0
518,GaO,g,85.7194,279.5,253.5,231.1,32.05,0.0
519,Ga2O3,cr,187.4382,-1089.1,-998.3,84.98,92.05,0.0
520,GaH,g,70.7280,220.5,193.7,195.46,29.29,0.0
521,GaCl,g,105.1730,-79.9,-106.3,240.3,35.56,0.0
522,GaBr,g,149.6290,-49.8,-90.0,252.0,36.40,0.0
523,GaAs,cr,144.6416,-71.,-67.8,64.18,46.23,0.0
524,GaSb,cr,191.4700,-41.8,-38.9,76.07,48.53,0.0
525,In,cr,114.8200,0,0,57.82,26.74,0.0
526,In,g,114.8200,243.30,208.71,173.79,20.84,0.0
527,InO,g,130.8194,387.0,364.4,236.5,32.55,0.0
528,In2O3,cr,277.6382,-925.79,-830.68,104.2,92.,0.0
529,InH,g,115.8280,215.5,190.31,207.64,29.58,0.0
530,InBr,g,194.7290,-56.9,-94.34,259.48,36.65,0.0
531,InI,g,241.7244,7.5,-37.7,267.34,36.82,0.0
532,In2S3,cr,325.8320,-427.,-412.5,163.6,117.99,0.0
533,In2(SO4)3,cr,517.8248,-2787.,-2439.,272.,280.,0.0
534,InP,cr,145.7938,-88.7,-77.0,59.8,45.44,0.0
535,InAs,cr,189.7416,-58.6,-53.6,75.7,47.78,0.0
536,InSb,cr,236.5700,-30.5,-25.5,86.2,49.45,0.0
537,Tl,cr,204.3700,0,0,64.18,26.32,0.0
538,Tl,g,204.3700,182.21,147.41,180.963,20.786,0.0
539,TlCl,cr,239.8230,-204.14,-184.92,111.25,50.92,0.0
540,TlNO3,cr,266.3749,-243.93,-152.40,160.7,99.50,0.0
541,Zn,cr,65.3700,0,0,41.63,25.40,0.0
542,Zn,g,65.3700,130.729,95.145,160.984,20.786,0.0
543,Zn<sup>2+</sup>,ao,65.3700,-153.89,-147.06,-112.1,46.,2.0
544,ZnO,cr,81.3694,-348.28,-318.30,43.64,40.25,0.0
545,Zn(OH)2,cr3,99.3848,-643.25,-555.07,81.6,72.4,0.0
546,Zn(OH)2,ai,99.3848,-613.88,-461.56,-133.5,-251.,0.0
547,ZnF2,cr,103.3668,-764.4,-713.3,73.68,65.65,0.0
548,ZnF2,ai,103.3668,-819.14,-704.64,-139.7,-167.,0.0
549,ZnCl2,cr,136.2760,-415.05,-369.398,111.46,71.34,0.0
550,ZnCl2,ai,136.2760,-488.19,-409.50,0.8,-226.,0.0
551,ZnBr2,ai,225.1880,-396.98,-354.97,52.7,-238.,0.0
552,ZnI2,ai,319.1788,-264.26,-250.20,110.5,-238.,0.0
553,ZnS,cr2,97.4340,-205.98,-201.29,57.7,46.0,0.0
554,ZnSO4,cr,161.4316,-982.8,-871.5,110.5,99.2,0.0
555,ZnSO4,ai,161.4316,-1063.15,-891.59,-92.0,-247.,0.0
556,ZnSO4·6H2O,cr,269.5240,-2777.46,-2324.44,363.6,357.69,0.0
557,ZnSO4·7H2O,cr,287.5394,-3077.75,-2562.67,388.7,383.42,0.0
558,Zn(NO3)2,ai,189.3798,-568.61,-369.57,180.7,-126.,0.0
559,Zn(NO3)2·6H2O,cr,297.4722,-2306.64,-1772.71,456.9,323.0,0.0
560,ZnCO3,cr,125.3794,-812.78,-731.52,82.4,79.71,0.0
561,Zn2SiO4,cr,222.8236,-1636.74,-1523.16,131.4,123.34,0.0
562,Cd,cr,112.4000,0,0,51.76,25.98,0.0
563,Cd,g,112.4000,112.01,77.41,167.746,20.786,0.0
564,CdO,cr,128.3994,-258.2,-228.4,54.8,43.43,0.0
565,CdCl2,cr,183.3060,-391.50,-343.93,115.27,74.68,0.0
566,CdBr2,cr,272.2180,-316.18,-296.31,137.2,76.65,0.0
567,CdI2,cr,366.2088,-203.3,-201.38,161.1,79.96,0.0
568,CdSO4,cr,208.4616,-933.28,-822.72,123.039,99.58,0.0
569,CdSO4·H2O,cr,226.4770,-1239.55,-1068.73,154.030,134.56,0.0
570,CdSO4·8/3H2O,cr,256.5026,-1729.4,-1465.141,229.630,213.26,0.0
571,Cd(CH3)2,l,142.4704,63.6,139.0,201.88,132.01,0.0
572,CdSiO3,cr,188.4842,-1189.09,-1105.36,97.5,88.58,0.0
573,Hg,l,200.5900,0,0,76.02,27.983,0.0
574,Hg,g,200.5900,61.317,31.820,174.96,20.786,0.0
575,Hg2,g,401.1800,108.8,68.2,288.05,37.40,0.0
576,HgO,cr,216.5894,-90.83,-58.539,70.29,44.06,0.0
577,HgH,g,201.5980,239.32,216.00,219.60,29.96,0.0
578,HgF,g,219.5884,4.2,-17.2,248.56,34.56,0.0
579,HgCl,g,236.0430,84.1,62.7,259.89,36.32,0.0
580,HgI,g,327.4944,132.38,88.42,281.53,37.61,0.0
581,HgI2,g,454.3988,-17.2,-59.9,336.13,61.09,0.0
582,HgS,cr,232.6540,-58.2,-50.6,82.4,48.41,0.0
583,Hg2SO4,cr,497.2416,-743.12,-625.815,200.66,131.96,0.0
584,HgSe,g,279.5500,75.7,31.3,267.13,36.8,0.0
585,Hg(CH3)2,g,230.6604,94.39,146.1,306.,83.3,0.0
586,Cu,cr,63.5400,0,0,33.150,24.435,0.0
587,Cu,g,63.5400,338.32,298.58,166.38,20.786,0.0
588,Cu2,g,127.0800,484.17,431.92,241.57,36.61,0.0
589,CuO,cr,79.5394,-157.3,-129.7,42.63,42.30,0.0
590,Cu2O,cr,143.0794,-168.6,-146.0,93.14,63.64,0.0
591,CuCl,cr,98.9930,-137.2,-119.86,86.2,48.5,0.0
592,CuCl2,cr,134.4460,-220.1,-175.7,108.07,71.88,0.0
593,CuBr,cr,143.4490,-104.6,-100.8,96.11,54.73,0.0
594,CuI,cr,190.4444,-67.8,-69.5,96.7,54.06,0.0
595,CuS,cr,95.6040,-53.1,-53.6,66.5,47.82,0.0
596,Cu2S,cr,159.1440,-79.5,-86.2,120.9,76.32,0.0
597,CuSO4,cr,159.6016,-771.36,-661.8,109.,100.0,0.0
598,CuSO4·H2O,cr,177.6170,-1085.83,-918.11,146.0,134.,0.0
599,CuSO4·3H2O,cr,213.6478,-1684.31,-1399.96,221.3,205.,0.0
600,CuSO4·5H2O,cr,249.6786,-2279.65,-1879.745,300.4,280.,0.0
601,Ag,cr,107.8700,0,0,42.55,25.351,0.0
602,Ag,g,107.8700,284.55,245.65,172.997,20.786,0.0
603,Ag<sup>+</sup>,ao,107.8700,105.579,77.107,72.68,21.8,1.0
604,Ag2,g,215.7400,409.99,358.75,257.13,36.99,0.0
605,Ag2O,cr,231.7394,-31.05,-11.20,121.3,65.86,0.0
606,Ag2O2,cr,247.7388,-24.3,27.6,117.,88.,0.0
607,AgOH,ai,124.8774,-124.415,-80.137,61.92,-126.8,0.0
608,AgF,ai,126.8684,-227.07,-201.69,59.0,-84.9,0.0
609,AgF·2H2O,cr,162.8992,-800.8,-671.0,174.9,130.,0.0
610,AgF·4H2O,cr,198.9300,-1388.3,-1147.0,268.,209.,0.0
611,AgCl,cr,143.1230,-127.068,-109.789,96.2,50.79,0.0
612,AgCl,ai,143.3230,-61.580,-54.120,129.3,-114.6,0.0
613,AgClO2,cr,175.3218,8.79,75.8,134.56,87.32,0.0
614,AgBr,cr,187.7790,-100.37,-96.90,107.1,52.38,0.0
615,AgBr,ai,187.7790,-15.98,-26.86,155.2,-120.1,0.0
616,AgI,cr,234.7744,-61.84,-66.19,115.5,56.82,0.0
617,AgI,ai,234.7744,50.38,25.52,184.1,-120.5,0.0
618,AgIO3,cr,282.7726,-171.1,-93.7,149.4,102.93,0.0
619,Ag2S,cr,247.8040,-32.59,-40.67,144.01,76.53,0.0
620,Ag2SO4,cr,311.8016,-715.88,-618.41,200.4,131.38,0.0
621,Ag2SO4,ai,311.8016,-698.10,-590.30,165.7,-251.,0.0
622,Ag2Se,cr,294.7000,-38.,-44.4,150.71,81.76,0.0
623,Ag2Te,cr,343.3400,-37.2,-43.1,154.8,87.4,0.0
624,AgNO2,cr,153.8755,-45.06,19.13,128.20,80.21,0.0
625,AgNO2,ai,153.8755,0.8,44.8,195.8,-75.7,0.0
626,AgNO3,cr,169.8749,-124.39,-33.41,140.92,93.05,0.0
627,AgNO3,ai,169.8749,-101.80,-34.16,219.2,-64.9,0.0
628,Ag2CO3,cr,275.7494,-505.8,-436.8,167.4,112.26,0.0
629,AgCH3CO2,ai,166.9152,-380.45,-292.21,159.4,15.5,0.0
630,AgCN,cr,133.8879,146.0,156.9,107.19,66.73,0.0
631,AgSCN,cr,165.9519,87.9,101.39,131.0,63.,0.0
632,AgSCN,ai,165.9519,182.00,169.80,217.1,-18.4,0.0
633,Au,cr,196.9670,0,0,47.40,25.418,0.0
634,Au,g,196.9670,366.1,326.3,180.503,20.786,0.0
635,AuH,g,197.9750,295.0,265.7,211.155,29.154,0.0
636,AuSn,cr,315.6570,-30.46,-29.92,97.15,50.46,0.0
637,AuCu,cr,260.5070,-18.66,-18.41,79.9,49.8,0.0
638,AuCu3,cr,387.5870,-28.62,-29.16,149.4,100.4,0.0
639,Ni,cr,58.7100,0,0,29.87,26.07,0.0
640,Ni,g,58.7100,429.7,384.5,182.193,23.359,0.0
641,NiO,cr,74.7094,-239.7,-211.7,37.99,44.31,0.0
642,NiF2,cr,96.7068,-651.4,-604.1,73.60,64.06,0.0
643,NiCl2,cr,129.6160,-305.332,-259.032,97.65,71.67,0.0
644,NiS,cr,90.7740,-82.0,-79.5,52.97,47.11,0.0
645,Ni3S2,cr,240.2580,-202.9,-197.1,133.9,117.65,0.0
646,NiSO4,cr,154.7716,-872.91,-759.7,92.,138.,0.0
647,NiSO4·6H2O,cr,262.8640,-2682.82,-2224.61,334.47,327.86,0.0
648,NiSO4·7H2O,cr,280.8794,-2976.33,-2461.83,378.94,364.59,0.0
649,Ni(CO)4,l,170.7524,-633.0,-588.2,313.4,204.6,0.0
650,Ni(CO)4,g,170.7524,-602.91,-587.23,410.6,145.18,0.0
651,Co,cr,58.9332,0,0,30.04,24.81,0.0
652,Co,g,58.9332,424.7,380.3,179.515,23.020,0.0
653,CoO,cr,74.9326,-237.94,-214.20,52.97,55.23,0.0
654,Co3O4,cr,240.7972,-891.,-774.,102.5,123.4,0.0
655,CoF2,cr,96.9300,-692.0,-647.2,81.96,68.78,0.0
656,CoCl2,cr,129.8392,-312.5,-269.8,109.16,78.49,0.0
657,CoSO4·6H2O,cr,263.0872,-2683.6,-2235.36,367.61,353.38,0.0
658,CoSO4·7H2O,cr,281.1026,-2979.93,-2473.42,406.06,390.49,0.0
659,(Co(NH3)5Cl)Cl2,cr,250.4457,-1017.1,-582.5,366.1,239.3,0.0
660,(Co(NH3)5H2O)Cl3,cr,268.4611,-1287.8,-777.8,346.0,275.7,0.0
661,(Co(NH3)6)Br3,cr,400.8444,-1002.9,-500.9,325.1,326.8,0.0
662,CoSi,cr,87.0192,-100.4,-98.7,43.1,44.4,0.0
663,Fe,cr,55.8470,0,0,27.28,25.10,0.0
664,Fe,g,55.8470,416.3,370.7,180.490,25.677,0.0
665,FeO0.947O,cr,68.8865,-266.27,-245.12,57.49,48.12,0.0
666,Fe2O3,cr,159.6922,-824.2,-742.2,87.40,103.85,0.0
667,Fe3O4,cr,231.5386,-1118.4,-1015.4,146.4,143.43,0.0
668,FeF2,cr,93.8438,-711.3,-668.6,86.99,68.12,0.0
669,FeCl2,cr,126.7530,-341.79,-302.30,117.95,76.65,0.0
670,FeCl3,cr,162.2060,-399.49,-334.00,142.3,96.65,0.0
671,Fe1.000S,cr,87.9110,-100.0,-100.4,60.29,50.54,0.0
672,FeS2,cr,119.9750,-178.2,-166.9,52.93,62.17,0.0
673,Fe7S8,cr,647.4410,-736.4,-748.5,485.8,398.57,0.0
674,FeSO4,cr,151.9086,-928.4,-820.8,107.5,100.58,0.0
675,FeSO4·7H2O,cr,278.0164,-3014.57,-2509.87,409.2,394.47,0.0
676,FePO4·2H2O,cr,186.8492,-1888.2,-1657.5,171.25,180.54,0.0
677,Fe3C,cr,179.5522,25.1,20.1,104.6,105.9,0.0
678,FeCO3,cr,115.8564,-740.57,-666.67,92.9,82.13,0.0
679,Fe(CO)5,l,195.9000,-774.0,-705.3,338.1,240.6,0.0
680,FeSi,cr,83.9330,-73.6,-73.6,46.0,47.7,0.0
681,FeSi2,cr,112.0190,-81.2,-78.2,55.6,66.07,0.0
682,FeSi2.33,cr,121.2874,-59.,-59.,69.5,73.72,0.0
683,Fe3Si,cr,195.6270,-93.7,-94.6,103.8,98.32,0.0
684,Fe2SiO4,cr,203.7776,-1479.9,-1379.0,145.2,132.88,0.0
685,FeAl2O4,cr,173.8076,-1995.3,-1879.8,106.3,123.55,0.0
686,ZnFe2O4,cr,241.0616,-1169.4,-1063.5,151.67,142.97,0.0
687,CuFeO2,cr,151.3858,-532.6,-479.9,88.7,80.04,0.0
688,CuFe2O4,cr,239.2316,-965.21,-858.74,141.0,148.62,0.0
689,NiFe2O4,cr,234.4016,-1081.1,-973.1,131.8,145.60,0.0
690,CoFe2O4,cr,234.6248,-1139.7,-1032.5,134.7,152.84,0.0
691,Pd,cr,106.4000,0,0,37.57,25.98,0.0
692,Pd,g,106.4000,378.2,339.7,167.05,20.786,0.0
693,Rh,cr,102.9050,0,0,31.51,24.98,0.0
694,Rh,g,102.9050,556.9,510.8,185.808,21.012,0.0
695,Ru,cr,101.0700,0,0,28.53,24.06,0.0
696,Ru,g,101.0700,642.7,595.8,186.507,21.522,0.0
697,RuO4,g,165.0676,-184.1,-139.7,290.1,75.90,0.0
698,Pt,cr,195.0900,0,0,41.63,25.86,0.0
699,Pt,g,195.0900,565.3,520.5,192.406,25.531,0.0
700,PtS,cr,227.1540,-81.6,-76.1,55.06,43.39,0.0
701,PtS2,cr,259.2180,-108.8,-99.6,74.68,65.90,0.0
702,Ir,cr,192.2000,0,0,35.48,25.10,0.0
703,Ir,g,192.2000,665.3,617.9,193.578,20.786,0.0
704,IrF6,g,306.1904,-544.,-460.,357.8,121.08,0.0
705,Os,cr,190.2000,0,0,32.6,24.7,0.0
706,Os,g,190.2000,791.,745.,192.573,20.786,0.0
707,OsO4,g,254.1976,-337.2,-292.8,293.8,74.1,0.0
708,Mn,cr,54.9380,0,0,32.01,26.32,0.0
709,Mn,cr3,54.9380,1.55,1.42,32.43,27.57,0.0
710,Mn,g,54.9380,280.7,238.5,173.70,20.79,0.0
711,Mn<sup>2+</sup>,ao,54.9380,-220.75,-228.1,-73.6,50.,2.0
712,MnO,cr,70.9374,-385.22,-362.90,59.71,45.44,0.0
713,MnO2,cr,86.9368,-520.03,-465.14,53.05,54.14,0.0
714,MnO4<sup>-</sup>,ao,118.9356,-541.4,-447.2,191.2,-82.0,-1.0
715,Mn2O3,cr,157.8742,-959.0,-881.1,110.5,107.65,0.0
716,Mn3O4,cr,228.8116,-1387.8,-1283.2,155.6,139.66,0.0
717,MnCl2,cr,125.8440,-481.29,-440.50,118.24,72.93,0.0
718,MnCl2,ai,125.8440,-555.05,-490.8,38.9,-222.,0.0
719,MnS,cr,87.0020,-214.2,-218.4,78.2,49.96,0.0
720,MnSO4,cr,150.9996,-1065.25,-957.36,112.1,100.50,0.0
721,MnSO4,ai,150.9996,-1130.1,-972.7,-53.6,-243.,0.0
722,MnSe,cr,133.8980,-106.7,-111.7,90.8,51.04,0.0
723,Mn(NO3)2,ai,178.9478,-635.5,-450.9,218.,-121.,0.0
724,Mn3C,cr,176.8252,4.6,5.4,98.7,93.43,0.0
725,MnCO3,cr,114.9474,-894.1,-816.7,85.8,81.50,0.0
726,MnSiO3,cr,131.0222,-1320.9,-1240.5,89.1,86.44,0.0
727,Mn2SiO4,cr,201.9596,-1730.5,-1632.1,163.2,129.87,0.0
728,Re,cr,186.2000,0,0,36.86,25.48,0.0
729,Re,g,186.2000,769.9,724.6,188.938,20.786,0.0
730,ReO4<sup>-</sup>,ao,250.1976,-787.4,-694.5,201.3,-13.4,-1.0
731,Re2O7,cr,484.3958,-1240.1,-1066.0,207.1,166.1,0.0
732,HReO4,ai,251.2056,-787.4,-694.5,201.3,-13.4,0.0
733,ReCl3,cr,292.5590,-264.,-188.,123.8,92.38,0.0
734,Cr,cr,51.9960,0,0,23.77,23.35,0.0
735,Cr,g,51.9960,396.6,351.8,174.50,20.79,0.0
736,Cr2O3,cr,151.9902,-1139.7,-1058.1,81.2,118.74,0.0
737,CrF3,cr,108.9912,-1159.,-1088.,93.89,78.74,0.0
738,CrCl2,cr,122.9020,-395.4,-356.0,115.31,71.17,0.0
739,CrCl3,cr,158.3550,-556.5,-486.1,123.0,91.80,0.0
740,CrO2Cl2,g,154.9008,-538.1,-501.6,329.8,84.5,0.0
741,Cr3C2,cr,180.0104,-80.8,-81.6,85.44,98.45,0.0
742,Cr7C3,cr,400.0056,-161.9,-166.9,200.8,208.87,0.0
743,Cr23C6,cr,1267.9752,-364.8,-373.6,610.0,624.3,0.0
744,Ag2CrO4,cr,331.7336,-731.74,-641.76,217.6,142.26,0.0
745,FeCr2O4,cr,223.8366,-1444.7,-1343.8,146.0,133.64,0.0
746,Mo,cr,95.9400,0,0,28.66,24.06,0.0
747,Mo,g,95.9400,658.1,612.5,181.950,20.786,0.0
748,MoO2,cr,127.9388,-588.94,-533.01,46.28,55.98,0.0
749,MoO3,cr,143.9382,-745.09,-667.97,77.74,74.98,0.0
750,MoF6,l,209.9304,-1585.53,-1473.00,259.66,169.79,0.0
751,MoF6,g,209.9304,-1557.66,-1472.20,350.52,120.58,0.0
752,MoS2,cr,160.0680,-235.1,-225.9,62.59,63.55,0.0
753,Mo(CO)6,cr,264.0036,-982.8,-877.7,325.9,242.25,0.0
754,Mo(CO)6,g,264.0036,-912.1,-856.0,490.,205.,0.0
755,Mo3Si,cr,315.9060,-96.,-96.,106.3,93.43,0.0
756,PbMoO4,cr,367.1276,-1051.9,-951.4,166.1,119.70,0.0
757,FeMoO4,cr,215.7846,-1075.,-975.,129.3,118.45,0.0
758,W,cr,183.8500,0,0,32.64,24.27,0.0
759,W,g,183.8500,849.4,807.1,173.950,21.309,0.0
760,WO2,cr,215.8488,-589.69,-533.89,50.54,56.11,0.0
761,WO3,cr,231.8482,-842.87,-764.03,75.90,73.76,0.0
762,WF6,g,297.8404,-1721.7,-1632.1,341.06,119.03,0.0
763,FeWO4,cr,303.6946,-1155.,-1054.,131.8,114.60,0.0
764,V,cr,50.9420,0,0,28.91,24.89,0.0
765,V,g,50.9420,514.21,754.43,182.298,26.012,0.0
766,VO,cr,66.9414,-431.8,-404.2,38.9,45.44,0.0
767,VO,g,66.9414,105.,75.,233.6,30.5,0.0
768,V2O3,cr,149.8822,-1218.8,-1139.3,98.3,103.22,0.0
769,V2O4,cr,165.8816,-1427.2,-1318.3,102.5,116.98,0.0
770,V2O5,cr,181.8810,-1550.6,-1419.5,131.0,127.65,0.0
771,VF5,g,145.9340,-1433.9,-1369.8,320.90,98.58,0.0
772,VCl2,cr,121.8480,-452.,-406.,97.1,72.22,0.0
773,VCl3,cr,157.3010,-580.7,-511.2,131.0,93.18,0.0
774,VCl4,g,192.7540,-525.5,-492.0,362.4,96.2,0.0
775,VOCl3,g,173.3004,-695.59,-659.28,344.29,89.91,0.0
776,VN,cr,64.9487,-217.1,-191.2,37.28,37.99,0.0
777,NH4VO3,cr,116.9789,-1053.1,-888.1,140.6,129.33,0.0
778,VC0.88,cr,61.5119,-101.7,-99.2,25.9,32.05,0.0
779,Nb,cr,92.9060,0,0,36.40,24.60,0.0
780,Nb,g,92.9060,725.9,681.1,186.256,30.158,0.0
781,NbO,cr,108.9054,-405.8,-378.6,48.1,41.25,0.0
782,NbO,g,108.9054,213.,184.,238.97,30.79,0.0
783,NbO2,cr,124.9048,-796.2,-740.5,54.52,57.49,0.0
784,Nb2O5,cr,265.8090,-1899.5,-1766.0,137.24,132.09,0.0
785,NbF5,cr,187.8980,-1813.8,-1699.0,160.2,134.7,0.0
786,NbF5,g,187.8980,-1739.7,-1673.6,321.9,97.1,0.0
787,NbCl5,cr,270.1710,-797.5,-683.2,210.5,148.1,0.0
788,NbCl5,g,270.1710,-703.7,-646.0,400.56,120.83,0.0
789,NbOCl3,g,215.2644,-752.3,-717.9,358.3,92.0,0.0
790,NbN,cr,106.9127,-235.1,-205.8,34.52,38.99,0.0
791,NbC,cr,104.9172,-138.9,-136.8,35.40,36.86,0.0
792,Nb2C,cr,197.8232,-190.0,-185.8,64.0,60.58,0.0
793,NbFe2,cr,204.6000,-46.4,-49.4,100.,54.4,0.0
794,NbCr2,cr,196.8980,-20.9,-20.9,83.55,73.01,0.0
795,Ta,cr,180.9480,0,0,41.51,25.36,0.0
796,Ta,g,180.9480,782.0,739.3,185.214,20.857,0.0
797,TaO,g,196.9474,251.,222.,241.1,30.59,0.0
798,TaO2,g,212.9468,-172.,-180.,268.,52.3,0.0
799,Ta2O5,cr,441.8930,-2046.0,-1911.2,143.1,135.14,0.0
800,Ta2H,cr,362.9040,-32.6,-69.0,79.1,90.8,0.0
801,TaC,cr,192.9592,-146.4,-144.8,42.30,36.78,0.0
802,Ti,cr,47.9000,0,0,30.63,25.02,0.0
803,Ti,g,47.9000,469.9,425.1,180.298,24.430,0.0
804,TiO,cr,63.8994,-519.7,-495.0,50.,39.96,0.0
805,TiO,g,63.8994,17.,-13.,234.4,32.68,0.0
806,TiO2,cr,79.8988,-939.7,-884.5,49.92,55.48,0.0
807,TiO2,cr3,79.8988,-944.7,-889.5,50.33,55.02,0.0
808,Ti2O3,cr,143.7982,-1520.9,-1434.2,78.78,97.36,0.0
809,Ti3O5,cr,223.6970,-2459.4,-2317.4,129.3,154.81,0.0
810,TiH2,cr,49.9160,-119.7,-80.3,29.7,30.1,0.0
811,TiF4,am,123.8936,-1649.3,-1559.3,133.97,114.27,0.0
812,TiCl2,cr,118.8060,-513.8,-464.4,87.4,69.83,0.0
813,TiCl3,cr,154.2590,-720.9,-653.5,139.7,97.15,0.0
814,TiCl4,l,189.7120,-804.2,-737.2,252.34,145.18,0.0
815,TiCl4,g,189.7120,-763.2,-726.7,354.9,95.4,0.0
816,TiBr3,cr,287.6270,-548.5,-523.8,176.6,101.71,0.0
817,TiBr4,cr,367.5360,-616.7,-589.5,243.5,131.50,0.0
818,TiBr4,g,367.5360,-549.4,-568.2,398.4,100.8,0.0
819,TiI4,cr,555.5176,-375.7,-371.5,249.4,125.65,0.0
820,TiN,cr,61.9067,-338.1,-309.6,30.25,37.07,0.0
821,TiC,cr,59.9112,-184.5,-180.7,24.23,33.64,0.0
822,TiB2,cr,69.5220,-323.8,-319.7,28.49,44.27,0.0
823,Zn2TiO4,cr,242.6376,-1647.7,-1534.2,143.1,137.32,0.0
824,Zr,cr,91.2200,0,0,38.99,25.36,0.0
825,Zr,g,91.2200,608.8,566.5,181.36,26.65,0.0
826,ZrO2,cr,123.2188,-1100.56,-1042.79,50.38,56.19,0.0
827,ZrH2,cr,93.2360,-169.0,-128.8,35.02,30.96,0.0
828,ZrF4,cr,167.2136,-1911.3,-1809.9,104.60,103.72,0.0
829,ZrF4,g,167.2136,-1673.6,-1636.3,319.3,87.4,0.0
830,ZrCl4,cr,233.0320,-980.52,-889.9,181.6,119.79,0.0
831,ZrCl4,g,233.0320,-870.3,-835.5,368.3,98.28,0.0
832,ZrN,cr,105.2267,-364.8,-336.4,38.87,40.42,0.0
833,ZrC,cr,103.2312,-202.9,-199.6,33.30,37.91,0.0
834,ZrSiO4,cr,183.3036,-2033.4,-1919.1,84.1,98.66,0.0
835,ZrB2,cr,112.8420,-326.4,-322.2,35.94,48.24,0.0
836,Hf,cr,178.4900,0,0,43.56,25.73,0.0
837,Hf,g,178.4900,619.2,576.5,186.892,20.803,0.0
838,HfO2,cr,210.4888,-1144.7,-1088.2,59.33,60.25,0.0
839,HfCl4,cr,320.3020,-990.35,-901.25,190.8,120.50,0.0
840,HfB2,cr,200.1120,-336.0,-332.2,42.7,49.75,0.0
841,Sc,cr,44.9560,0,0,34.64,25.52,0.0
842,Sc,g,44.9560,377.8,336.03,174.79,22.09,0.0
843,Sc2,g,89.9120,648.1,592.4,255.,36.4,0.0
844,ScO,g,60.9554,-57.24,-83.28,224.58,30.88,0.0
845,Sc2O3,cr,137.9102,-1908.82,-1819.36,77.0,94.22,0.0
846,ScF,g,63.9544,-138.9,-164.4,222.32,32.38,0.0
847,ScF2,g,82.9528,-642.2,-655.2,280.4,48.1,0.0
848,ScF3,g,101.9512,-1247.,-1234.,300.5,67.8,0.0
849,ScCl,g,80.4090,112.5,86.2,234.41,35.15,0.0
850,ScS,g,77.0200,174.9,124.2,235.7,33.5,0.0
851,Y,cr,88.9050,0,0,44.43,26.53,0.0
852,Y,g,88.9050,421.3,381.1,179.48,25.86,0.0
853,Y2,g,177.8100,684.1,630.5,268.,36.4,0.0
854,YO,g,104.9044,-38.9,-64.9,233.91,31.51,0.0
855,Y2O3,cr,225.8082,-1905.31,-1816.60,99.08,102.51,0.0
856,YH2,cr,90.9210,-225.9,-185.3,38.41,34.48,0.0
857,YD2,cr,92.9332,-228.0,-184.5,43.05,45.06,0.0
858,YH3,cr,91.9290,-267.8,-208.7,41.92,43.35,0.0
859,YD3,cr,94.9473,-270.3,-207.1,50.33,57.40,0.0
860,YF,g,107.9034,-138.,-163.,231.82,33.14,0.0
861,YF3,g,145.9002,-1288.7,-1277.8,311.8,70.3,0.0
862,YCl,g,124.3580,200.0,173.6,244.16,35.82,0.0
863,YS,g,120.9690,174.5,124.2,243.,34.3,0.0
864,YC2,g,112.9274,596.6,537.2,255.,44.8,0.0
865,Lu,cr,174.9700,0,0,50.96,26.86,0.0
866,Lu,g,174.9700,427.6,387.8,184.800,20.861,0.0
867,Lu<sup>3+</sup>,ao,174.9700,-665.,-628.,-264.,25.,3.0
868,LuO,g,190.9694,-14.6,-41.0,242.07,31.581,0.0
869,Lu2O3,cr,397.9382,-1878.2,-1789.0,109.96,101.75,0.0
870,LuCl3,ai,281.3290,-1167.,-1021.,-96.,-385.,0.0
871,LuCl3·6H2O,cr,389.4214,-2830.9,-2410.9,376.1,343.1,0.0
872,Yb,cr,173.0400,0,0,59.87,26.74,0.0
873,Yb,g,173.0400,152.3,118.4,173.126,20.786,0.0
874,Yb<sup>3+</sup>,ao,173.0400,-674.5,-644.0,-238.,25.,3.0
875,Yb2O3,cr,394.0782,-1814.6,-1726.7,133.1,115.35,0.0
876,YbCl3,ai,279.3990,-1176.1,-1037.6,-71.,-385.,0.0
877,YbCl3·6H2O,cr,387.4914,-2846.0,-2428.9,395.8,341.4,0.0
878,Tm,cr,168.9340,0,0,74.01,27.03,0.0
879,Tm,g,168.9340,232.2,197.5,190.113,20.786,0.0
880,Tm<sup>3+</sup>,ao,168.9340,-697.9,-662.0,-243.,25.,3.0
881,Tm2O3,cr,385.8662,-1888.7,-1794.5,139.7,116.7,0.0
882,TmCl3,ai,275.2930,-1199.1,-1055.6,-75.,-385.,0.0
883,TmC2,g,192.9564,561.5,508.3,264.,43.9,0.0
884,Er,cr,167.2600,0,0,73.18,28.12,0.0
885,Er,g,167.2600,317.1,280.7,195.59,20.79,0.0
886,Er<sup>3+</sup>,ao,167.2600,-705.4,-669.1,-244.3,21.,3.0
887,Er2O3,cr,382.5182,-1897.9,-1808.7,155.6,108.49,0.0
888,ErCl3,ai,273.6190,-1207.1,-1062.7,-75.3,-389.,0.0
889,ErCl3·6H2O,cr,381.7114,-2874.4,-2454.0,398.7,343.1,0.0
890,ErC2,g,191.2824,578.2,524.6,264.,43.9,0.0
891,Ho,cr,164.9300,0,0,75.3,27.15,0.0
892,Ho,g,164.9300,300.8,264.8,195.59,20.79,0.0
893,Ho<sup>3+</sup>,ao,164.9300,-705.0,-673.7,-226.8,17.,3.0
894,Ho2O3,cr,377.8582,-1880.7,-1791.1,158.2,114.98,0.0
895,HoCl3,ai,271.2890,-1206.7,-1067.3,-57.7,-393.,0.0
896,HoCl3·6H2O,cr,379.3814,-2878.2,-2459.8,406.18,347.3,0.0
897,Dy,cr,162.5000,0,0,74.77,28.16,0.0
898,Dy,g,162.5000,290.4,254.4,196.63,20.79,0.0
899,Dy<sup>3+</sup>,ao,162.5000,-699.,-665.,-231.0,21.,3.0
900,Dy2O3,cr,372.9982,-1863.1,-1771.5,149.8,116.27,0.0
901,DyCl3,ai,268.8590,-1197.,-1059.,-61.9,-389.,0.0
902,DyCl3·6H2O,cr,376.9514,-2870.,-2451.,401.66,346.0,0.0
903,DyC2,g,186.5224,862.3,808.3,268.,43.9,0.0
904,Tb,cr,158.9240,0,0,73.22,28.91,0.0
905,Tb,g,158.9240,388.7,349.7,203.58,24.56,0.0
906,Tb<sup>3+</sup>,ao,158.9240,-682.8,-651.9,-226.,17.,3.0
907,TbCl3,ai,265.2830,-1184.1,-1045.5,-59.,-393.,0.0
908,TbC2,g,182.9464,885.8,831.3,268.,43.9,0.0
909,Gd,cr,157.2500,0,0,68.07,37.03,0.0
910,Gd,g,157.2500,397.5,359.8,194.314,27.547,0.0
911,Gd<sup>3+</sup>,ao,157.2500,-686.,-661.,-205.9,0,3.0
912,GdCl3,ai,263.6090,-1188.,-1059.,-36.8,-410.,0.0
913,GdCl3·6H2O,cr,371.7014,-2866.,-2451.,408.19,347.3,0.0
914,Gd2(SO4)3·8H2O,cr,746.8080,-6330.,-5531.,651.9,587.9,0.0
915,Eu,cr,151.9600,0,0,77.78,27.66,0.0
916,Eu,g,151.9600,175.3,142.2,188.795,20.786,0.0
917,Eu<sup>3+</sup>,ao,151.9600,-605.0,-574.1,-222.,8.,3.0
918,Eu2O3,cr2,351.9182,-1651.4,-1556.8,146.,122.2,0.0
919,EuCl3,ai,258.3190,-1106.2,-967.7,-54.,-402.,0.0
920,EuCl3·6H2O,cr,366.4114,-2784.9,-2365.7,407.1,366.9,0.0
921,Sm,cr,150.3500,0,0,69.58,29.54,0.0
922,Sm,g,150.3500,206.7,172.8,183.042,30.355,0.0
923,Sm<sup>3+</sup>,ao,150.3500,-691.6,-666.6,-211.7,-21.,3.0
924,Sm2O3,cr,348.6982,-1823.0,-1734.6,151.0,114.52,0.0
925,SmCl3,ai,256.7090,-1193.3,-1060.2,-42.7,-431.,0.0
926,SmCl3·6H2O,cr,364.8014,-2870.2,-2456.1,414.,361.5,0.0
927,Sm2(SO4)3·8H2O,cr,733.0080,-6330.8,-5538.2,672.4,606.7,0.0
928,Nd,cr,144.2400,0,0,71.5,27.45,0.0
929,Nd,g,144.2400,327.6,292.4,189.406,22.092,0.0
930,Nd<sup>3+</sup>,ao,144.2400,-696.2,-671.6,-206.7,-21.,3.0
931,Nd2O3,cr,336.4782,-1807.9,-1720.8,158.6,111.29,0.0
932,NdCl3,ai,250.5990,-1197.9,-1065.6,-37.7,-431.,0.0
933,NdCl3·6H2O,cr,358.6914,-2874.4,-2460.3,417.1,360.87,0.0
934,Nd2S3,cr,384.6720,-1188.,-1172.4,185.27,122.51,0.0
935,NdC2,g,168.2624,547.06,493.3,26.5,44.4,0.0
936,NdAu,g,341.2070,394.6,343.9,289.,36.8,0.0
937,Pr,cr,140.9070,0,0,73.2,27.20,0.0
938,Pr,g,140.9070,355.6,320.9,189.808,21.359,0.0
939,Pr<sup>3+</sup>,ao,140.9070,-704.6,-679.1,-209.,-29.,3.0
940,PrH2,cr,142.9230,-198.3,-154.4,56.9,41.0,0.0
941,PrCl3,ai,247.2660,-1206.2,-1072.7,-42.,-439.,0.0
942,PrC2,g,164.9294,549.4,496.6,262.0,44.4,0.0
943,PrAu,g,337.8740,415.5,365.2,289.,36.8,0.0
944,Ce,cr,140.1200,0,0,72.0,26.94,0.0
945,Ce,g,140.1200,423.,385.,191.766,23.075,0.0
946,Ce2,g,280.2400,602.1,561.5,280.,37.03,0.0
947,CeO,g,156.1194,-128.4,-149.0,243.2,31.71,0.0
948,CeO2,cr,172.1188,-1088.7,-1024.6,62.30,61.63,0.0
949,Ce2O3,cr,328.2382,-1796.2,-1706.2,150.6,114.6,0.0
950,CeH2,cr,142.1360,-205.,-163.,55.6,40.92,0.0
951,CeCl3,cr,246.4790,-1053.5,-977.8,151.,87.4,0.0
952,CeS,cr,172.1840,-459.4,-451.5,78.2,49.96,0.0
953,CeS,g,172.1840,131.4,84.5,260.4,34.7,0.0
954,CeS2,g,204.2480,10.0,-36.9,293.,57.7,0.0
955,Ce2S,g,312.3040,299.6,251.0,339.,54.0,0.0
956,CeC2,g,164.1424,569.9,514.2,268.,43.9,0.0
957,CeC4,g,188.1648,703.,636.,306.,72.4,0.0
958,CeAu,g,337.0870,456.9,407.5,285.,36.8,0.0
959,La,cr,138.9100,0,0,56.9,27.11,0.0
960,La,g,138.9100,431.0,393.56,182.377,22.753,0.0
961,La<sup>3+</sup>,ao,138.9100,-707.1,-683.7,-217.6,-13.,3.0
962,La2,g,277.8200,615.0,566.5,276.3,36.4,0.0
963,LaO,g,154.9094,-121.38,-145.28,239.73,31.76,0.0
964,La2O3,cr,325.8182,-1793.7,-1705.8,127.32,108.78,0.0
965,LaCl3,ai,245.2690,-1208.8,-1077.3,-50.,-423.,0.0
966,LaCl3·7H2O,cr,371.3768,-3178.6,-2712.9,462.8,431.0,0.0
967,LaS,cr,170.9740,-456.,-451.5,73.2,59.,0.0
968,LaS,g,170.9740,136.0,184.5,251.,34.39,0.0
969,La2Te3,cr,660.6200,-724.,-714.6,231.63,132.13,0.0
970,LaC2,g,162.9324,587.4,531.8,255.,44.4,0.0
971,LaAu,g,335.8770,463.6,410.8,280.,36.8,0.0
972,U,cr,238.0290,0,0,50.21,27.665,0.0
973,U,g,238.0290,535.6,491.2,199.77,23.694,0.0
974,UO2,cr,270.0278,-1084.9,-1031.7,77.03,63.60,0.0
975,UO2,g,270.0278,-465.7,-471.5,274.6,51.38,0.0
976,UO3,cr,286.0272,-1223.8,-1145.9,96.11,81.67,0.0
977,UO3,cr3,286.0272,-1217.5,-1140.5,99.41,81.88,0.0
978,UO3,cr4,286.0272,-1220.26,-1142.27,96.32,81.34,0.0
979,U3O7,cr,826.0828,-3427.1,-3242.9,250.54,215.52,0.0
980,U3O8,cr,842.0822,-3574.8,-3369.7,282.59,238.36,0.0
981,U4O9,cr,1096.1106,-4510.4,-4275.1,334.13,293.34,0.0
982,UH3,cr,241.0530,-127.2,-72.8,63.68,49.29,0.0
983,UF,g,257.0274,-42.,-71.,251.,37.82,0.0
984,UF2,g,276.0258,-531.,-544.,297.,66.9,0.0
985,UF3,cr,295.0242,-1502.1,-1433.4,123.43,95.10,0.0
986,UF3,g,295.0242,-1059.,-1050.,331.,74.5,0.0
987,UF4,cr,314.0226,-1914.2,-1823.3,151.67,116.02,0.0
988,UF4,g,314.0226,-1598.7,-1572.7,368.,91.2,0.0
989,UF5,g,333.0210,-1937.,-1887.,389.,109.6,0.0
990,UF6,cr,352.0194,-2197.0,-2068.5,227.6,166.77,0.0
991,UF6,g,352.0194,-2147.4,-2063.7,377.9,129.62,0.0
992,UO2F2,cr,308.0246,-1648.1,-1551.8,135.56,103.22,0.0
993,UCl3,cr,344.3880,-866.5,-799.1,159.0,102.5,0.0
994,UCl4,cr,379.8410,-1019.2,-930.0,197.1,122.01,0.0
995,UCl6,cr,450.7470,-1092.,-962.,285.8,175.7,0.0
996,UOCl2,cr,324.9344,-1066.9,-996.2,138.32,95.06,0.0
997,UO2Cl2,cr,340.9338,-1243.9,-1146.4,150.54,107.86,0.0
998,UBr3,cr,477.7560,-699.1,-673.6,192.5,108.8,0.0
999,UBr4,cr,557.6650,-802.5,-767.8,238.5,128.0,0.0
1000,UBr5,cr,637.5740,-810.9,-769.9,293.,160.7,0.0
1001,UOBr2,cr,413.8464,-973.6,-929.7,157.57,97.99,0.0
1002,UI3,cr,618.7422,-460.7,-459.8,222.,112.1,0.0
1003,UI4,cr,745.6466,-512.1,-506.7,263.6,134.3,0.0
1004,US,cr,270.0930,-318.,-318.,77.99,50.54,0.0
1005,US1.5,cr,286.1250,-427.,-427.,99.6,70.7,0.0
1006,US2,cr,302.1570,-527.,-526.,110.42,74.64,0.0
1007,US3,cr,334.2210,-549.4,-547.3,138.49,95.60,0.0
1008,UO2SO4,cr,366.0894,-1845.1,-1683.5,154.8,145.2,0.0
1009,UO2SO4·3H2O,cr,420.1356,-2754.3,-2417.7,268.,282.8,0.0
1010,USe,cr,316.9890,-276.,-276.,96.52,54.81,0.0
1011,UN,cr,252.0357,-290.8,-265.7,62.43,47.57,0.0
1012,UN1.59,cr,260.2996,-380.3,-339.3,65.02,54.18,0.0
1013,UN1.73,cr,262.2606,-399.2,-354.4,65.86,57.61,0.0
1014,UO2(NO3)2·2H2O,cr,430.0684,-1979.91,-1622.21,328.9,278.2,0.0
1015,UO2(NO3)2·6H2O,cr,502.1300,-3168.5,-2585.3,505.64,466.9,0.0
1016,UP,cr,269.0028,-268.,-264.,78.2,49.8,0.0
1017,UP2,cr,299.9766,-305.,-297.,101.7,80.00,0.0
1018,U3P4,cr,837.9822,-837.,-820.,258.6,174.9,0.0
1019,U3As4,cr,1013.7734,-720.,-724.,309.07,187.53,0.0
1020,USb2,cr,481.5290,-176.,-176.,141.46,80.17,0.0
1021,U3Sb4,cr,1201.0870,-452.,-456.,349.78,188.20,0.0
1022,UC,cr,250.0402,-98.3,-99.2,59.20,50.12,0.0
1023,UC1.94,cr,261.3307,-87.0,-90.0,71.04,60.75,0.0
1024,U2C3,cr,512.0916,-181.6,-187.4,137.78,107.36,0.0
1025,U3Si,cr,742.1730,-134.,-134.,174.01,107.91,0.0
1026,UB1.98,cr,259.4348,-160.2,-158.2,55.10,55.35,0.0
1027,UB2,cr,259.6510,-161.5,-159.4,55.52,55.77,0.0
1028,Pa,g,231.0359,607.,563.,198.05,22.93,0.0
1029,Th,cr,232.0381,0,0,53.39,27.32,0.0
1030,Th,g,232.0381,598.3,557.53,190.15,20.79,0.0
1031,Th2,g,464.0762,908.,851.8,295.1,37.32,0.0
1032,ThO,g,248.0375,-25.1,-50.2,240.06,31.25,0.0
1033,ThO2,cr,264.0369,-1226.4,-1168.77,65.23,61.76,0.0
1034,ThO2,g,264.0369,-497.9,-506.7,287.6,47.3,0.0
1035,ThH2,cr,234.0541,-139.7,-100.0,50.71,36.69,0.0
1036,ThH3.75,cr,235.8181,-210.9,-138.0,54.43,51.30,0.0
1037,ThF2,g,270.0349,-655.,-667.,295.1,52.43,0.0
1038,ThF3,g,289.0333,-1182.0,-1176.5,339.4,73.2,0.0
1039,ThF4,cr,308.0317,-2091.6,-1997.0,142.05,110.54,0.0
1040,ThF4,g,308.0317,-1748.9,-1714.2,341.9,92.9,0.0
1041,ThCl4,g,373.8501,-966.1,-935.5,397.5,101.7,0.0
1042,ThBr4,g,551.6741,-762.7,-784.5,431.1,105.0,0.0
1043,ThI4,g,739.6557,-460.7,-515.1,468.7,106.3,0.0
1044,ThN,cr,246.0448,-391.2,-363.6,56.07,45.2,0.0
1045,ThP,g,263.0119,536.,485.,267.5,35.6,0.0
1046,ThC1.94,cr,255.3398,-146.,-147.7,68.49,56.69,0.0
1047,ThB,g,242.8491,866.,807.,255.3,35.1,0.0
1048,ThRu,g,333.1081,669.,613.8,267.9,36.4,0.0
1049,ThPt,g,427.1281,613.0,555.2,289.2,36.8,0.0
1050,ThIr,g,424.2381,690.4,630.5,289.2,36.8,0.0
1051,Ac,cr,227.0280,0,0,56.5,27.2,0.0
1052,Ac,g,227.0280,406.,366.,188.1,20.84,0.0
1053,Be,cr,9.0122,0,0,9.50,16.44,0.0
1054,Be,g,9.0122,324.3,286.6,136.269,20.786,0.0
1055,BeO,cr,25.0116,-609.6,-580.3,14.14,25.52,0.0
1056,BeH,g,10.0202,316.3,285.8,176.72,29.08,0.0
1057,BeF,g,28.0106,-174.9,-203.4,205.75,29.87,0.0
1058,BeF2,cr,47.0090,-1026.8,-979.4,53.35,51.84,0.0
1059,BeCl,g,44.4652,59.,29.,217.7,31.63,0.0
1060,BeCl2,cr,79.9182,-490.4,-445.6,82.68,64.85,0.0
1061,BeCl2,cr2,79.9182,-495.8,-448.9,75.81,62.43,0.0
1062,BeSO4,cr,105.0738,-1205.20,-1093.80,77.91,85.69,0.0
1063,BeSO4·2H2O,cr,141.1046,-1823.14,-1598.08,163.22,153.26,0.0
1064,BeSO4·4H2O,cr,177.1354,-2423.75,-2080.40,232.97,216.61,0.0
1065,Be2SiO4,cr,110.1080,-2149.3,-2032.5,64.31,95.56,0.0
1066,BeO·Al2O3,cr,126.9728,-2300.8,-2178.5,66.27,105.39,0.0
1067,BeO·3Al2O3,cr,330.8952,-5627.1,-5320.2,175.7,265.18,0.0
1068,UBe13,cr,355.1876,-163.,-163.,180.3,242.09,0.0
1069,Mg,cr,24.3120,0,0,32.68,24.89,0.0
1070,Mg,g,24.3120,147.70,113.10,148.650,20.786,0.0
1071,MgO,cr,40.3114,-601.70,-569.43,26.94,37.15,0.0
1072,MgO,cr2,40.3114,-597.98,-565.95,27.91,37.66,0.0
1073,MgH2,cr,26.3280,-75.3,-35.9,31.09,35.35,0.0
1074,Mg(OH)2,cr,58.3268,-924.54,-833.51,63.18,77.03,0.0
1075,MgF,g,43.3104,-221.8,-247.7,220.98,32.55,0.0
1076,MgF2,cr,62.3088,-1123.4,-1070.2,57.24,61.59,0.0
1077,MgF2,g,62.3088,-723.8,-730.5,258.39,48.62,0.0
1078,MgCl,g,59.7650,-42.,-67.,233.6,34.81,0.0
1079,MgCl2,cr,95.2180,-641.32,-591.79,89.62,71.38,0.0
1080,MgCl2·H2O,cr,113.2334,-966.63,-861.74,137.2,115.27,0.0
1081,MgCl2·2H2O,cr,131.2488,-1279.72,-1118.00,179.9,159.20,0.0
1082,MgCl2·4H2O,cr,167.2796,-1898.99,-1623.29,264.0,241.42,0.0
1083,MgCl2·6H2O,cr,203.3104,-2499.02,-2114.64,366.1,315.06,0.0
1084,MgS,cr,56.3760,-346.0,-341.8,50.33,45.56,0.0
1085,MgSO4,cr,120.3736,-1284.9,-1170.6,91.6,96.48,0.0
1086,MgSO4·6H2O,cr,228.4660,-3087.0,-2631.8,348.1,348.11,0.0
1087,Mg(NO3)2,cr,148.3218,-790.65,-589.4,164.0,141.92,0.0
1088,Mg3(PO4)2,cr,262.8788,-3780.7,-3538.7,189.20,213.47,0.0
1089,MgCO3,cr,84.3214,-1095.8,-1012.1,65.7,75.52,0.0
1090,Mg2Si,cr,76.7100,-77.8,-75.3,75.,73.6,0.0
1091,MgSiO3,cr,100.3962,-1549.00,-1462.09,67.74,81.38,0.0
1092,Mg2SiO4,cr,140.7076,-2174.0,-2055.1,95.14,118.49,0.0
1093,Mg3Si2O5(OH)4,cr,277.1346,-4365.6,-4037.8,221.3,273.68,0.0
1094,MgSi4O10(OH)2,cr,379.2888,-5922.5,-5542.7,260.7,321.7,0.0
1095,Mg2Ge,cr,121.2140,-108.8,-105.9,86.48,69.54,0.0
1096,MgB12,cr,154.0440,-222.,-218.,89.5,151.5,0.0
1097,MgO·Al2O3,cr,142.2726,-2299.9,-2175.2,80.63,116.19,0.0
1098,Mg2Al4Si5O18,cr,584.9692,-9161.7,-8651.4,407.1,452.3,0.0
1099,MgCd,cr,136.7120,-16.07,-15.52,82.68,51.55,0.0
1100,MgCd3,cr,361.5120,-18.91,-19.71,190.62,118.16,0.0
1101,Mg3Cd,cr,185.3360,-22.26,-21.51,147.28,100.58,0.0
1102,MgCu2,cr,151.3920,-33.56,-33.9,100.,72.93,0.0
1103,MgNi2,cr,141.7320,-55.2,-54.0,88.70,73.39,0.0
1104,MgFe2O4,cr,200.0036,-1428.4,-1317.1,123.8,143.72,0.0
1105,MgCr2O4,cr,192.3016,-1783.6,-1668.9,106.02,126.78,0.0
1106,MgMoO4,cr,184.2496,-1400.85,-1295.68,118.8,111.17,0.0
1107,MgWO4,cr,272.1596,-1532.6,-1420.8,101.17,109.37,0.0
1108,MgV2O6,cr,222.1924,-2201.58,-2039.31,160.7,165.14,0.0
1109,Mg2V2O7,cr,262.5038,-2835.92,-2645.18,200.4,203.47,0.0
1110,MgTiO3,cr,120.2102,-1572.8,-1484.4,74.56,91.88,0.0
1111,MgTi2O5,cr,200.1090,-2509.6,-2366.8,127.28,147.07,0.0
1112,Mg2TiO4,cr,160.5216,-2165.2,-2046.7,109.33,128.66,0.0
1113,MgUO4,cr,326.3386,-1857.3,-1749.7,131.8,128.0,0.0
1114,Ca,cr,40.0800,0,0,41.42,25.31,0.0
1115,Ca,g,40.0800,178.2,144.3,154.884,20.786,0.0
1116,CaO,cr,56.0794,-635.09,-604.03,39.75,42.80,0.0
1117,CaH,g,41.0880,228.9,200.4,201.74,29.75,0.0
1118,Ca(OH)2,cr,74.0948,-986.09,-898.49,83.39,87.49,0.0
1119,CaF,g,59.0784,-272.0,-297.9,229.4,33.60,0.0
1120,CaF2,cr,78.0768,-1219.6,-1167.3,68.87,67.03,0.0
1121,CaF2,g,78.0768,-781.6,-790.4,274.37,51.25,0.0
1122,CaCl,g,75.5330,-97.9,-124.3,241.53,35.90,0.0
1123,CaCl2,cr,110.9860,-795.8,-748.1,104.6,72.59,0.0
1124,CaCl2,g,110.9860,-471.5,-479.24,290.27,59.33,0.0
1125,CaS,cr,72.1440,-482.4,-477.4,56.5,47.40,0.0
1126,CaSO4,cr,136.1416,-1434.11,-1321.79,106.7,99.66,0.0
1127,CaSO4,cr2,136.1416,-1425.24,-1313.42,108.4,100.21,0.0
1128,CaSO4,cr3,136.1416,-1420.80,-1308.98,108.4,99.04,0.0
1129,CaSO4·0.5H2O,cr,145.1493,-1576.74,-1436.74,130.5,119.41,0.0
1130,CaSO4·0.5H2O,cr2,145.1493,-1574.65,-1435.78,134.3,124.22,0.0
1131,CaSO4·2H2O,cr,172.1724,-2022.63,-1797.28,194.1,186.02,0.0
1132,Ca(NO3)2,cr,164.0898,-938.39,-743.07,193.3,149.37,0.0
1133,Ca2P2O7,cr,254.1034,-3338.8,-3132.0,189.24,187.82,0.0
1134,Ca3(PO4)2,cr,310.1828,-4120.8,-3884.7,236.0,227.82,0.0
1135,Ca3(PO4)2,cr2,310.1828,-4109.9,-3875.5,240.91,231.58,0.0
1136,CaHPO4,cr,136.0594,-1814.39,-1681.18,111.38,110.04,0.0
1137,CaHPO4·2H2O,cr,172.0902,-2403.58,-2154.58,189.45,197.07,0.0
1138,Ca(H2PO4)2·H2O,cr,252.0702,-3409.67,-3058.18,259.8,258.82,0.0
1139,Ca10(PO4)6(OH)2,cr,1004.6432,-13477.,-12677.,780.7,769.9,0.0
1140,Ca10(PO4)6F2,cr,1008.6252,-13744.,-12983.,775.7,751.9,0.0
1141,CaC2,cr,64.1024,-59.8,-64.9,69.96,62.72,0.0
1142,CaCO3,cr,100.0894,-1206.92,-1128.79,92.9,81.88,0.0
1143,CaCO3,cr2,100.0894,-1207.13,-1127.75,88.7,81.25,0.0
1144,CaC2O4·H2O,cr,146.1154,-1674.86,-1513.87,156.5,152.80,0.0
1145,CaO·SiO2,cr,116.1642,-1634.94,-1549.66,81.92,85.27,0.0
1146,CaO·SiO2,cr2,116.1642,-1628.4,-1544.7,87.36,86.48,0.0
1147,(CaO)2·SiO2,cr,172.2436,-2307.5,-2192.8,127.74,128.78,0.0
1148,(CaO)2·SiO2,cr2,172.2436,-2317.9,-2201.1,120.79,126.65,0.0
1149,(CaO)3·SiO2,cr,228.3230,-2929.2,-2784.0,168.6,171.88,0.0
1150,(CaO)3·2SiO2,cr,288.4078,-3961.0,-3761.3,210.79,214.39,0.0
1151,CaO·B2O3,cr,125.6996,-2030.96,-1924.03,104.85,103.97,0.0
1152,CaO·2B2O3,cr,195.3198,-3360.25,-3167.01,134.7,157.95,0.0
1153,(CaO)2·B2O3,cr,181.7790,-2734.41,-2596.59,145.10,147.11,0.0
1154,(CaO)3·B2O3,cr,237.8584,-3429.08,-3259.82,183.7,187.86,0.0
1155,CaO·Al2O3,cr,158.0406,-2326.3,-2208.7,114.22,120.79,0.0
1156,CaO·2Al2O3,cr,260.0018,-4025.8,-3818.6,177.82,200.83,0.0
1157,(CaO)3·Al2O3,cr,270.1994,-3587.8,-3411.5,205.9,209.87,0.0
1158,(CaO)12·7Al2O3,cr,1386.6812,-19430.,-18468.,1046.8,1085.7,0.0
1159,CaO·Al2O3·SiO2,cr,218.1254,-3298.2,-3122.0,141.4,165.7,0.0
1160,CaO·Al2O3·2SiO2,cr,278.2102,-4227.9,-4002.3,199.28,211.42,0.0
1161,CaO·Al2O3·2SiO2·2H2O,cr,314.2410,-4858.5,-4505.1,237.7,285.18,0.0
1162,(CaO)2·Al2O3·SiO2,cr,274.2048,-3981.5,-3783.1,210.0,205.43,0.0
1163,(CaO)2·2Al2O3·8SiO2·7H2O,cr,922.8674,-14249.0,-13199.8,922.2,954.0,0.0
1164,CaO·Fe2O3,cr,215.7716,-1520.34,-1412.75,145.35,153.59,0.0
1165,(CaO)2·Fe2O3,cr,271.8510,-2139.28,-2001.71,188.78,193.26,0.0
1166,CaMoO4,cr,200.0176,-1541.4,-1434.6,122.6,114.31,0.0
1167,CaWO4,cr,287.9276,-1645.15,-1538.43,126.40,114.14,0.0
1168,CaO·V2O5,cr,237.9604,-2329.27,-2169.60,179.1,166.77,0.0
1169,(CaO)2·V2O5,cr,294.0398,-3083.36,-2893.08,220.5,209.53,0.0
1170,(CaO)3·V2O5,cr,350.1192,-3777.94,-3560.96,274.9,252.25,0.0
1171,CaO·TiO2,cr,135.9782,-1660.6,-1575.2,93.64,97.65,0.0
1172,(CaO)3·2TiO2,cr,328.0358,-3950.5,-3751.3,234.7,239.32,0.0
1173,CaTiSiO5,cr,196.0630,-2603.3,-2461.8,129.20,138.95,0.0
1174,CaZrO3,cr,179.2982,-1766.9,-1681.1,100.08,99.91,0.0
1175,CaMg2,cr,88.7040,-40.2,-39.3,104.27,75.69,0.0
1176,CaCO3·MgCO3,cr,184.4108,-2326.3,-2163.4,155.18,157.53,0.0
1177,CaO·MgO·2SiO2,cr,216.5604,-3206.2,-3032.0,142.93,166.52,0.0
1178,(CaO)2·MgO·2SiO2,cr,272.6398,-3877.19,-3679.84,209.2,212.00,0.0
1179,(CaO)2·5MgO·8SiO2·H2O,cr,812.4096,-12360.,-11631.,548.9,655.6,0.0
1180,(CaO)3·MgO·2SiO2,cr,328.7192,-4567.7,-4340.4,253.1,252.25,0.0
1181,Sr,cr,87.6200,0,0,52.3,26.4,0.0
1182,Sr,g,87.6200,164.4,130.9,164.62,20.786,0.0
1183,SrO,cr,103.6194,-592.0,-561.9,54.4,45.02,0.0
1184,SrH,g,88.6280,218.,188.,212.66,30.00,0.0
1185,SrF,g,106.6184,-288.7,-314.2,239.89,34.60,0.0
1186,SrF2,cr,125.6168,-1216.3,-1164.8,82.13,70.00,0.0
1187,SrF2,g,125.6168,-764.4,-775.3,291.06,52.97,0.0
1188,SrCl,g,123.0730,-126.4,-152.7,252.0,36.53,0.0
1189,SrCl2,cr,158.5260,-828.9,-781.1,114.85,75.60,0.0
1190,SrCl2,g,158.5260,-485.8,-496.2,310.81,55.77,0.0
1191,SrCl2·H2O,cr,176.5414,-1136.8,-1036.3,172.,120.1,0.0
1192,SrCl2·2H2O,cr,194.5568,-1438.0,-1281.8,218.,160.2,0.0
1193,SrBr2,cr,247.4380,-717.6,-697.1,135.10,75.35,0.0
1194,SrBr2,g,247.4380,-410.,-444.,323.5,60.7,0.0
1195,SrBr2·H2O,cr,265.4534,-1031.4,-954.3,180.,120.9,0.0
1196,SrBr2·6H2O,cr,355.5304,-2531.3,-2174.1,406.,343.5,0.0
1197,SrS,cr,119.6840,-472.4,-467.8,68.2,48.70,0.0
1198,Sr(NO3)2,cr,211.6298,-978.22,-780.02,194.56,149.91,0.0
1199,SrCO3,cr,147.6294,-1220.1,-1140.1,97.1,81.42,0.0
1200,SrSiO3,cr,163.7042,-1633.9,-1549.7,96.7,88.53,0.0
1201,Sr2SiO4,cr,267.3236,-2304.5,-2191.1,153.1,134.26,0.0
1202,SrTiO3,cr,183.5182,-1672.39,-1588.36,108.8,98.37,0.0
1203,Sr2TiO4,cr,287.1376,-2287.4,-2172.3,159.0,143.68,0.0
1204,SrZrO3,cr,226.8382,-1767.3,-1682.8,115.1,103.39,0.0
1205,Ba,cr,137.3400,0,0,62.8,28.07,0.0
1206,Ba,g,137.3400,180.,146.,170.243,20.786,0.0
1207,BaO,cr,153.3394,-553.5,-525.1,70.42,47.78,0.0
1208,BaH,g,138.3480,222.,197.,218.89,30.08,0.0
1209,BaF,g,156.3384,-326.4,-350.6,246.1,34.85,0.0
1210,BaF2,cr,175.3368,-1207.1,-1156.8,96.36,71.21,0.0
1211,BaF2,g,175.3368,-818.0,-828.4,300.98,53.76,0.0
1212,BaCl,g,172.7930,-167.,-192.,258.7,36.82,0.0
1213,BaCl2,cr,208.2460,-858.6,-810.4,123.68,75.14,0.0
1214,BaCl2,g,208.2460,-525.9,-537.6,325.29,56.19,0.0
1215,BaCl2·2H2O,cr,244.2768,-1460.13,-1296.32,202.9,161.96,0.0
1216,BaBr2,g,297.1580,-439.,-473.,331.,61.5,0.0
1217,Ba(BrO3)2·H2O,cr,411.1698,-1020.23,-789.0,288.3,223.8,0.0
1218,BaI2,g,391.1488,-326.,-377.,343.,61.5,0.0
1219,Ba(IO3)2,cr,487.1452,-1027.2,-864.7,249.4,187.4,0.0
1220,BaS,cr,169.4040,-460.,-456.,78.2,49.37,0.0
1221,BaSO4,cr,233.4016,-1473.2,-1362.2,132.2,101.75,0.0
1222,Ba(NO3)2,cr,261.3498,-992.07,-796.59,213.8,151.38,0.0
1223,BaCO3,cr,197.3494,-1216.3,-1137.6,112.1,85.35,0.0
1224,BaO·SiO2,cr,213.4242,-1623.60,-1540.21,109.6,90.00,0.0
1225,BaO·2SiO2,cr,273.5090,-2548.1,-2410.7,153.1,134.10,0.0
1226,(BaO)2·SiO2,cr,366.7636,-2287.8,-2174.8,176.1,134.89,0.0
1227,(BaO)2·3SiO2,cr,486.9332,-4184.8,-3963.0,258.2,224.60,0.0
1228,BaMoO4,cr,297.2776,-1548.,-1439.6,138.,123.0,0.0
1229,BaTiO3,cr,233.2382,-1659.8,-1572.3,107.9,102.47,0.0
1230,Ba2TiO4,cr,386.5776,-2243.0,-2132.9,196.6,152.63,0.0
1231,BaZrO3,cr,276.5582,-1779.5,-1694.5,124.7,101.71,0.0
1232,BaSrTiO4,cr,336.8576,-2276.1,-2167.7,191.6,146.23,0.0
1233,Ra,g,226.0250,159.,130.,176.47,20.79,0.0
1234,Li,cr,6.9410,0,0,29.12,24.77,0.0
1235,Li,g,6.9410,159.37,126.66,138.77,20.786,0.0
1236,Li<sup>+</sup>,ao,6.9410,-278.49,-293.31,13.4,68.6,1.0
1237,Li2,g,13.8820,215.9,174.4,196.996,36.104,0.0
1238,LiO,g,22.9404,75.7,52.3,210.98,32.43,0.0
1239,Li2O,cr,29.8814,-597.94,-561.18,37.57,54.10,0.0
1240,Li2O,g,29.8814,-160.7,-181.6,231.48,49.83,0.0
1241,LiH,cr,7.9490,-90.54,-68.35,20.008,27.87,0.0
1242,LiH,g,7.9490,139.24,116.47,170.900,29.727,0.0
1243,LiD,cr,8.9551,-90.92,-67.68,23.598,34.31,0.0
1244,LiD,g,8.9551,141.0,118.4,177.386,30.71,0.0
1245,LiOH,cr,23.9484,-484.93,-438.95,42.80,49.66,0.0
1246,LiOH,g,23.9484,-238.1,-242.3,210.90,46.02,0.0
1247,LiOH,ai,23.9484,-508.48,-450.58,2.80,-79.9,0.0
1248,LiOH·H2O,cr,41.9638,-788.01,-680.95,71.21,79.50,0.0
1249,LiF,cr,25.9394,-615.97,-587.71,35.65,41.59,0.0
1250,LiF,g,25.9394,-339.82,-360.64,200.297,31.30,0.0
1251,LiF,ai,25.9394,-611.12,-571.9,-0.4,-38.07,0.0
1252,Li2F2,g,51.8788,-940.6,-940.1,258.64,63.14,0.0
1253,Li3F3,g,77.8182,-1514.2,-1494.,318.1,102.5,0.0
1254,LiHF2,cr,45.9458,-942.32,-874.87,71.1,70.17,0.0
1255,LiCl,cr,42.3940,-408.61,-384.37,59.33,47.99,0.0
1256,LiCl,g,42.3940,-195.4,-216.7,212.824,33.22,0.0
1257,LiCl,ai,42.3940,-445.64,-424.58,69.9,-67.8,0.0
1258,Li2Cl2,g,84.7880,-593.7,-596.2,288.8,72.22,0.0
1259,Li3Cl3,g,127.1820,-962.,-937.,335.7,102.1,0.0
1260,LiClO3,ai,90.3922,-382.46,-301.27,175.7,-13.8,0.0
1261,LiClO4,ai,106.3916,-407.823,-302.0,195.4,-7.5,0.0
1262,LiBr,ai,86.8500,-400.041,-397.27,95.8,-73.2,0.0
1263,LiI,cr,133.8454,-270.41,-270.29,86.78,51.04,0.0
1264,LiI,g,133.8454,-81.09,-124.34,232.321,34.64,0.0
1265,LiI,ai,133.8454,-333.67,-344.8,124.7,-73.6,0.0
1266,Li2I2,g,267.6908,-364.,-410.,331.,76.1,0.0
1267,LiIO3,ai,181.8436,-499.82,-421.28,131.4,-55.2,0.0
1268,Li2SO4,cr,109.9436,-1436.49,-1321.70,115.1,117.57,0.0
1269,Li2SO4,ai,109.9436,-1466.24,-1331.20,47.3,-155.6,0.0
1270,Li2SO4·H2O,cr,127.9590,-1735.5,-1565.5,163.6,151.08,0.0
1271,Li3N,cr,34.8297,-164.4,-128.4,62.59,75.27,0.0
1272,LiNO2,ai,52.9465,-383.09,-325.5,136.8,-28.9,0.0
1273,LiNO3,ai,68.9459,-485.85,-404.5,160.2,-18.0,0.0
1274,Li2CO3,cr,73.8914,-1215.9,-1132.06,90.37,99.12,0.0
1275,Li2SiO3,cr,89.9662,-1648.1,-1557.2,79.83,99.08,0.0
1276,Li2Si2O5,cr,150.0510,-2559.8,-2414.5,122.17,144.72,0.0
1277,LiBO2,cr,49.7508,-1032.2,-976.1,51.5,59.8,0.0
1278,LiBO2,g,49.7508,-662.3,-672.8,274.6,57.3,0.0
1279,LiBH4,cr,21.7840,-190.8,-125.0,75.86,82.55,0.0
1280,LiAlO2,cr,65.9213,-1193.32,-1131.3,53.346,67.78,0.0
1281,LiAl5O8,cr,269.8437,-4579.4,-4328.6,149.79,224.18,0.0
1282,LiAlH4,cr,37.9545,-116.3,-44.7,78.74,83.18,0.0
1283,Li3AlH6,cr,53.8525,-319.2,-198.43,102.59,127.74,0.0
1284,LiAlSiO4,cr,126.0061,-2124.2,-2010.3,103.8,113.4,0.0
1285,LiAlSi2O6,cr,186.0909,-3054.7,-2881.46,129.29,159.0,0.0
1286,LiAlSi2O6,cr2,186.0909,-3026.7,-2860.88,154.39,162.8,0.0
1287,Li2Al2Si8O20,cr,612.5210,-9772.2,-9220.0,464.4,490.4,0.0
1288,LiHg3,cr,608.7110,-111.3,-98.99,215.9,117.78,0.0
1289,Li2TiO3,cr,109.7802,-1670.7,-1579.8,91.76,111.04,0.0
1290,Na,cr,22.9898,0,0,51.21,28.24,0.0
1291,Na,g,22.9898,107.32,76.761,153.712,20.786,0.0
1292,Na<sup>+</sup>,ao,22.9898,-240.12,-261.905,59.0,46.4,1.0
1293,Na2,g,45.9796,142.05,103.94,230.23,37.57,0.0
1294,NaO,g,38.9892,105.,82.4,228.6,34.7,0.0
1295,NaO2,cr,54.9886,-260.2,-218.4,115.9,72.13,0.0
1296,Na2O,cr,61.9790,-414.22,-375.46,75.06,69.12,0.0
1297,Na2O,g,61.9790,-35.6,-52.3,261.2,55.2,0.0
1298,Na2O2,cr,77.9784,-510.87,-447.7,95.0,89.24,0.0
1299,NaH,cr,23.9978,-56.275,-33.46,40.016,36.401,0.0
1300,NaH,g,23.9978,130.25,108.85,188.377,30.29,0.0
1301,NaOH,cr,39.9972,-425.609,-379.494,64.455,59.54,0.0
1302,NaOH,g,39.9972,-207.1,-210.0,228.43,48.37,0.0
1303,NaOH,ai,39.9972,-470.114,-419.150,48.1,-102.1,0.0
1304,NaOH·H2O,cr,58.0126,-734.543,-629.338,99.50,90.17,0.0
1305,NaOH·2H2O,l,76.0280,-1019.076,-873.091,195.979,239.41,0.0
1306,NaOH·3.5H2O,l,103.0511,-1459.798,-1236.356,286.089,354.43,0.0
1307,(NaOH)2,g,79.9944,-628.,-587.8,306.,79.1,0.0
1308,NaF,cr,41.9882,-573.647,-543.494,51.46,46.86,0.0
1309,NaF,g,41.9882,-291.2,-310.5,217.59,34.221,0.0
1310,NaF,ai,41.9882,-572.75,-540.68,45.2,-60.2,0.0
1311,Na2F2,g,83.9764,-829.3,-827.6,299.3,74.9,0.0
1312,NaHF2,cr,61.9946,-920.27,-852.15,90.92,75.02,0.0
1313,NaCl,cr,58.4428,-411.153,-384.138,72.13,50.50,0.0
1314,NaCl,g,58.4428,-176.65,-196.66,229.81,35.77,0.0
1315,NaCl,ai,58.4428,-407.27,-393.133,115.5,-90.0,0.0
1316,Na2Cl2,g,116.8856,-571.1,-571.41,326.5,78.83,0.0
1317,NaBr,cr,102.8988,-361.062,-348.983,86.82,51.38,0.0
1318,NaBr,g,102.8988,-143.1,-177.06,241.19,36.32,0.0
1319,NaBr,ai,102.8988,-361.665,-365.849,141.4,-95.4,0.0
1320,(NaBr)2,g,205.7976,-486.6,-514.87,349.5,80.12,0.0
1321,NaI,cr,149.8942,-287.78,-286.06,98.53,52.09,0.0
1322,NaI,g,149.8942,-79.5,-121.0,248.978,36.65,0.0
1323,NaI,ai,149.8942,-295.31,-313.47,170.3,-95.8,0.0
1324,(NaI)2,g,299.7884,-354.4,-398.89,367.9,80.8,0.0
1325,Na2SO3,cr,126.0418,-1100.8,-1012.5,145.94,120.25,0.0
1326,Na2SO4,cr,142.0412,-1387.08,-1270.16,149.58,128.20,0.0
1327,Na2SO4,ai,142.0412,-1389.51,-1268.36,138.1,-201.,0.0
1328,NaHSO4,ai,120.0594,-1127.46,-1017.80,190.8,-38.,0.0
1329,NaN3,cr,65.0099,21.71,93.81,96.86,76.61,0.0
1330,NaNO2,ai,68.9953,-344.8,-294.1,182.0,-51.0,0.0
1331,NaNO3,cr,84.9947,-467.85,-367.00,116.52,92.88,0.0
1332,NaNO3,ai,84.9947,-447.48,-373.15,205.4,-40.2,0.0
1333,NaNH2,cr,39.0125,-123.8,-64.0,76.90,66.15,0.0
1334,NaOP,g,69.9630,-205.9,-228.5,270.90,47.74,0.0
1335,NaPO2,g,85.9624,-509.2,-506.3,288.0,59.8,0.0
1336,NaPO3,g,101.9618,-866.,-838.0,306.,71.5,0.0
1337,Na3PO4,cr,163.9408,-1917.40,-1788.80,173.80,153.47,0.0
1338,(NaPO3)3,cr,305.8854,-3653.,-3381.,286.48,259.41,0.0
1339,Na4P2O7,cr,265.9026,-3188.,-2969.3,270.29,241.12,0.0
1340,Na5P3O10,cr,367.8644,-4399.1,-4093.9,381.79,327.02,0.0
1341,Na5P3O10,cr2,367.8644,-4409.9,-4100.2,365.56,325.18,0.0
1342,Na5P3O10·6H2O,cr,475.9568,-6194.8,-5540.8,611.3,573.6,0.0
1343,NaH2PO4,cr,119.9772,-1536.8,-1386.1,127.49,116.86,0.0
1344,Na2HPO4,cr,141.9590,-1748.1,-1608.2,150.50,135.31,0.0
1345,Na2H2P2O7,cr,221.9390,-2764.8,-2522.4,220.20,198.15,0.0
1346,Na2CO3,cr,105.9890,-1130.68,-1044.44,134.98,112.30,0.0
1347,Na2CO3·H2O,cr,124.0044,-1431.26,-1285.31,168.11,145.60,0.0
1348,Na2CO3·10H2O,cr,286.1430,-4081.32,-3427.66,562.7,550.32,0.0
1349,HCOONa,cr,68.0078,-666.5,-599.9,103.76,82.68,0.0
1350,HCOONa,ai,68.0078,-665.67,-612.9,151.,-41.4,0.0
1351,NaHCO3,cr,84.0072,-950.81,-851.0,101.7,87.61,0.0
1352,NaOCH3,cr,54.0244,-367.8,-294.74,110.58,69.45,0.0
1353,NaCH3CO2,cr,82.0350,-708.81,-607.18,123.0,79.9,0.0
1354,NaCH3CO2,ai,82.0350,-726.13,-631.20,145.6,40.2,0.0
1355,NaCN,cr,49.0077,-87.49,-76.43,115.60,70.37,0.0
1356,NaCN,g,49.0077,109.,79.94,249.43,51.17,0.0
1357,NaCNO,cr,65.0071,-405.39,-358.1,96.7,86.6,0.0
1358,NaCNS,ai,81.0717,-163.68,-169.18,203.3,6.3,0.0
1359,Na2SiF6,cr,188.0560,-2909.6,-2754.2,207.1,187.07,0.0
1360,NaBO2,cr,65.7996,-977.0,-920.70,73.51,65.94,0.0
1361,NaBO2,g,65.7996,-644.,-653.,287.1,58.2,0.0
1362,Na2B4O7,cr,201.2194,-3291.1,-3096.0,189.54,186.77,0.0
1363,Na2B4O7·10H2O,cr,381.3734,-6288.6,-5516.0,586.,615.,0.0
1364,NaBH4,cr,37.8328,-188.61,-123.86,101.29,86.78,0.0
1365,NaBF4,cr,109.7944,-1844.7,-1750.10,145.31,120.25,0.0
1366,NaAlO2,cr,81.9701,-1135.12,-1071.32,70.71,73.30,0.0
1367,NaAlF4,g,125.9649,-1869.0,-1827.5,345.7,105.9,0.0
1368,Na3AlF6,cr,209.9413,-3301.2,-3136.6,238.5,215.89,0.0
1369,NaAlSi2O6,cr2,202.1397,-2985.3,-2819.1,175.3,164.43,0.0
1370,NaAlSi2O6·H2O,cr,220.1551,-3300.8,-3082.6,234.3,209.91,0.0
1371,NaAlSi3O8,cr,262.2245,-3935.1,-3711.5,207.40,205.10,0.0
1372,NaAlSi3O8,cr2,262.2245,-3925.8,-3708.1,226.40,204.81,0.0
1373,NaAlSi3O8,am,262.2245,-3875.2,-3665.1,251.9,209.91,0.0
1374,NaCu,g,86.5298,272.,225.9,238.2,36.23,0.0
1375,NaAg,g,130.8598,253.6,208.3,245.7,36.44,0.0
1376,NaAu,g,219.9568,258.6,212.9,251.1,35.82,0.0
1377,NaReO4,cr,273.1874,-1057.09,-953.68,151.5,133.9,0.0
1378,NaReO4,ai,273.1874,-1027.6,-956.4,260.2,33.1,0.0
1379,Na2CrO4,cr,161.9732,-1342.2,-1234.93,176.61,142.13,0.0
1380,Na2MoO4,cr,205.9172,-1468.12,-1354.34,159.70,141.71,0.0
1381,Na2Mo2O7,cr,349.8554,-2245.05,-2058.08,250.6,217.15,0.0
1382,Na2WO4,cr,293.8272,-1548.9,-1434.46,161.5,139.79,0.0
1383,Na2W2O7,cr,525.6754,-2405.0,-2216.74,254.4,214.89,0.0
1384,NaVO3,cr,121.9300,-1145.79,-1064.07,113.68,97.57,0.0
1385,Na3VO4,cr,183.9090,-1757.87,-1637.76,190.0,164.85,0.0
1386,Na4V2O7,cr,305.8390,-2918.84,-2721.41,318.4,269.74,0.0
1387,Na2TiO3,cr,141.8778,-1591.2,-1496.1,121.67,125.65,0.0
1388,Na2UO4,cr,348.0062,-1893.3,-1777.72,166.02,146.65,0.0
1389,Na3UO4,cr,370.9960,-2025.1,-1901.1,198.20,173.01,0.0
1390,K,cr,39.1020,0,0,64.18,29.58,0.0
1391,K,g,39.1020,89.24,60.59,160.336,20.786,0.0
1392,K<sup>+</sup>,ao,39.1020,-252.38,-283.27,102.5,21.8,1.0
1393,K2,g,78.2040,123.7,87.5,249.73,37.89,0.0
1394,KO2,cr,71.1008,-284.93,-239.4,116.7,77.53,0.0
1395,KH,g,40.1100,130.,113.,192.41,31.049,0.0
1396,KD,g,41.1161,133.1,114.6,198.93,32.840,0.0
1397,KOH,cr,56.1094,-424.764,-379.08,78.9,64.9,0.0
1398,KOH,g,56.1094,-231.0,-232.6,238.3,49.20,0.0
1399,KOH,ai,56.1094,-482.37,-440.50,91.6,-126.8,0.0
1400,K2(OH)2,g,112.2188,-656.5,-615.8,328.1,81.6,0.0
1401,KF,cr,58.1004,-567.27,-537.75,66.57,49.04,0.0
1402,KF,g,58.1004,-325.43,-343.62,226.41,35.23,0.0
1403,KF,ai,58.1004,-585.01,-562.06,88.7,-84.9,0.0
1404,K2F2,g,116.2008,-859.0,-856.0,321.0,78.28,0.0
1405,KHF2,cr,78.1068,-927.68,-859.68,104.27,76.94,0.0
1406,KCl,cr,74.5550,-436.747,-409.14,82.59,51.30,0.0
1407,KCl,g,74.5550,-214.14,-233.0,239.10,36.48,0.0
1408,KCl,ai,74.5550,-419.53,-414.49,159.0,-114.6,0.0
1409,K2Cl2,g,149.1100,-623.0,-622.6,350.3,80.67,0.0
1410,KClO3,cr,122.5532,-397.73,-296.25,143.1,100.25,0.0
1411,KClO4,cr,138.5526,-432.75,-303.09,151.0,112.38,0.0
1412,KBr,cr,119.0110,-393.798,-380.66,95.90,52.30,0.0
1413,KBr,g,119.0110,-180.08,-212.96,250.52,36.920,0.0
1414,KBr,ai,119.0110,-373.92,-387.23,184.9,-120.1,0.0
1415,K2Br2,g,238.0220,-541.8,-570.,375.4,81.46,0.0
1416,KBrO3,cr,167.0092,-360.24,-271.16,149.16,105.19,0.0
1417,KBrO4,cr,183.0086,-287.86,-174.41,170.08,120.16,0.0
1418,KI,cr,166.0064,-327.900,-324.892,106.32,52.93,0.0
1419,KI,g,166.0064,-125.5,-166.1,258.3,37.11,0.0
1420,KI,ai,166.0064,-307.57,-334.85,213.8,-120.5,0.0
1421,K2I2,g,332.0128,-424.7,-469.1,393.8,82.0,0.0
1422,KIO3,cr,214.0046,-501.37,-418.35,151.46,106.48,0.0
1423,K2SO4,cr,174.2656,-1437.79,-1321.37,175.56,131.46,0.0
1424,K2SO4,g,174.2656,-1096.,-1033.,364.,108.8,0.0
1425,K2SO4,ai,174.2656,-1414.02,-1311.07,225.1,-251.,0.0
1426,K2S2O8,cr,270.3272,-1916.1,-1697.3,278.7,213.09,0.0
1427,K2S4O6,cr,302.4564,-1780.71,-1613.34,309.66,230.79,0.0
1428,K2S4O6,ai,302.4564,-1728.8,-1607.0,462.3,-24.3,0.0
1429,KHSO4,ai,136.1716,-1139.72,-1039.18,234.3,-63.,0.0
1430,KNO2,cr,85.1075,-369.82,-306.55,152.09,107.40,0.0
1431,KNO3,cr,101.1069,-494.63,-394.86,133.05,96.40,0.0
1432,KNO3,ai,101.1069,-459.74,-394.53,248.9,-64.9,0.0
1433,KH2PO4,cr,136.0894,-1568.33,-1415.85,134.85,116.57,0.0
1434,KPF6,cr,184.0662,-2350.6,-2205.3,225.89,158.36,0.0
1435,KH2AsO4,cr,180.0372,-1180.7,-1035.9,155.02,126.73,0.0
1436,K2CO3,cr,138.2134,-1151.02,-1063.5,155.52,114.43,0.0
1437,HCOOK,ai,84.1200,-677.93,-634.2,192.,-66.1,0.0
1438,CH3COOK,ai,98.1472,-738.39,-652.58,189.1,15.5,0.0
1439,KCN,cr,65.1199,-113.0,-101.86,128.49,66.27,0.0
1440,KCN,g,65.1199,90.8,64.17,261.90,52.34,0.0
1441,KCNS,cr,97.1839,-200.16,-178.31,124.26,88.53,0.0
1442,KCNS,ai,97.1839,-175.94,-190.56,246.9,-18.4,0.0
1443,K2SnCl6,cr,409.6120,-1477.0,-1332.9,366.52,246.02,0.0
1444,K2SnBr6,cr,676.3480,-1218.0,-1160.2,443.1,246.02,0.0
1445,KBO2,cr,81.9118,-981.6,-923.4,80.00,66.73,0.0
1446,K2O·B2O3,cr,163.8236,-1963.1,-1846.8,160.00,133.47,0.0
1447,KBH4,cr,53.9450,-227.40,-160.27,106.27,96.06,0.0
1448,KBF4,cr,125.9066,-1882.0,-1785.7,152.30,110.58,0.0
1449,KAl(SO4)2,cr,258.2067,-2470.2,-2240.0,204.6,192.97,0.0
1450,KAl(SO4)2·12H2O,cr,474.3915,-6061.8,-5141.0,687.4,651.03,0.0
1451,K3H6Al5(PO4)8·18H2O,cr,1342.3099,-18919.2,-17417.3,3496.2,1482.4,0.0
1452,KAlSiO4,cr,158.1671,-2121.3,-2005.3,133.1,119.79,0.0
1453,KAlSi2O6,cr,218.2519,-3034.2,-2871.4,200.0,164.14,0.0
1454,KAlSi3O8,cr,278.3367,-3959.7,-3739.9,232.88,204.51,0.0
1455,KAlSi3O8,cr2,278.3367,-3968.1,-3742.9,214.22,202.38,0.0
1456,K2CuCl4·2H2O,cr,319.5868,-1707.1,-1492.7,355.43,253.232,0.0
1457,K4Fe(CN)6,cr,368.3624,-594.1,-453.0,418.8,332.21,0.0
1458,K4Fe(CN)6·3H2O,cr,422.4086,-1466.5,-1168.8,593.7,482.42,0.0
1459,K2PtCl6,cr,486.0120,-1229.3,-1078.5,333.9,205.60,0.0
1460,KMnO4,cr,158.0376,-837.2,-737.6,171.71,117.57,0.0
1461,KMnO4,ai,158.0376,-793.8,-730.5,293.7,-60.2,0.0
1462,KReO4,cr,289.2996,-1097.0,-994.5,167.82,122.55,0.0
1463,KReO4,ai,289.2996,-1039.7,-977.7,303.8,8.4,0.0
1464,K2ReCl6,cr,477.1220,-1310.4,-1172.7,371.71,214.68,0.0
1465,K2CrO4,cr,194.1976,-1403.7,-1295.7,200.12,145.98,0.0
1466,K2Cr2O7,cr,294.1918,-2061.5,-1881.8,291.2,219.24,0.0
1467,Rb,cr,85.4678,0,0,76.78,31.062,0.0
1468,Rb,g,85.4678,80.88,53.06,170.089,20.786,0.0
1469,RbF,g,104.4662,-331.4,-349.0,237.09,35.69,0.0
1470,Rb2F2,g,208.9324,-854.,-849.,344.0,79.9,0.0
1471,RbHF2,cr,124.4726,-922.6,-855.6,120.08,79.37,0.0
1472,RbCl,cr,120.9208,-435.35,-407.80,95.90,52.38,0.0
1473,RbCl,g,120.9208,-228.9,-247.3,249.56,36.82,0.0
1474,Rb2Cl2,g,241.8416,-619.,-619.,373.3,81.2,0.0
1475,RbClO3,cr,168.9190,-402.9,-300.3,151.9,103.18,0.0
1476,RbBr,cr,165.3768,-394.59,-381.79,109.96,52.84,0.0
1477,RbBr,g,165.3768,-182.8,-215.1,261.02,37.20,0.0
1478,RbI,cr,212.3722,-333.80,-328.86,118.41,53.18,0.0
1479,RbI,g,212.3722,-134.3,-174.1,268.81,37.36,0.0
1480,Rb2SO4,cr,266.9972,-1435.61,-1316.89,197.44,134.06,0.0
1481,RbNO3,cr,147.4727,-495.05,-395.78,147.3,102.1,0.0
1482,RbPF6,cr,230.4320,-2354.8,-2204.5,221.84,148.1,0.0
1483,Rb2CO3,cr,230.9450,-1136.0,-1051.0,181.33,117.61,0.0
1484,Rb2SnCl6,cr,502.3436,-1523.0,-1374.8,377.61,227.07,0.0
1485,RbBO2,cr,128.2776,-970.7,-913.,94.31,74.06,0.0
1486,RbBO2,g,128.2776,-672.4,-678.6,308.26,59.16,0.0
1487,RbAg4I5,cr,1151.4698,-572.8,-598.3,623.,285.52,0.0
1488,Cs,cr,132.9054,0,0,85.23,32.17,0.0
1489,Cs,g,132.9054,76.065,49.121,175.595,20.786,0.0
1490,Cs<sup>+</sup>,ao,132.9054,-258.28,-292.02,133.05,-10.5,1.0
1491,Cs2,g,265.8108,107.3,73.5,283.83,37.95,0.0
1492,Cs2O,cr,281.8102,-345.77,-308.14,146.86,75.98,0.0
1493,CsH,g,133.9134,115.7,96.5,215.167,31.547,0.0
1494,CsOH,g,149.9128,-247.,-247.,254.83,49.71,0.0
1495,CsF,cr,151.9038,-553.5,-525.5,92.80,51.09,0.0
1496,CsF,g,151.9038,-359.0,-375.7,243.24,35.86,0.0
1497,Cs2F2,g,303.8076,-897.0,-891.6,355.37,79.58,0.0
1498,CsHF2,cr,171.9102,-923.8,-858.9,135.19,87.28,0.0
1499,CsCl,cr,168.3584,-443.04,-414.53,101.17,52.47,0.0
1500,CsCl,g,168.3584,-240.20,-257.80,255.96,36.94,0.0
1501,CsCl,ai,168.3584,-425.43,-423.24,189.54,-146.9,0.0
1502,Cs2Cl2,g,336.7168,-656.1,-654.0,387.1,81.6,0.0
1503,CsClO4,cr,232.3560,-443.09,-314.26,175.06,108.28,0.0
1504,CsBr,cr,212.8144,-405.81,-391.41,113.05,52.93,0.0
1505,CsBr,g,212.8144,-209.2,-241.0,267.43,37.07,0.0
1506,CS2Br2,g,425.6288,-545.6,-572.4,412.2,82.4,0.0
1507,CsI,cr,259.8098,-346.60,-340.58,123.05,52.80,0.0
1508,CsI,g,259.8098,-151.9,-191.2,275.29,37.45,0.0
1509,CsI,ai,259.8098,-313.47,-343.59,244.3,-152.7,0.0
1510,Cs2I2,g,519.6196,-458.6,-501.2,429.4,82.4,0.0
1511,Cs2SO4,cr,361.8724,-1443.02,-1323.58,211.92,134.89,0.0
1512,CsNO3,ai,194.9103,-465.64,-403.27,279.5,-99.,0.0
1513,Cs2CO3,cr,325.8202,-1139.7,-1054.3,204.47,123.85,0.0
1514,CsBO2,cr,175.7152,-972.4,-915.1,104.35,80.58,0.0
1515,CsBO2,g,175.7152,-703.3,-708.8,314.41,59.41,0.0
1516,CsAl(SO4)2·12H2O,cr,568.1949,-6094.8,-5167.4,686.09,614.6,0.0
1517,CsCuCl3,cr,302.8044,-698.7,-627.1,213.38,127.82,0.0
1518,Cs2Cr2O7,cr,481.7986,-2088.82,-1908.17,330.08,231.54,0.0
1519,Cs2UO4,cr,567.8374,-1928.8,-1806.2,219.66,152.76,0.0
